사고번호,사고일시,요일,시군구,사고내용,사망자수,중상자수,경상자수,부상신고자수,사고유형,법규위반,노면상태,기상상태,도로형태,가해운전자 차종,가해운전자 성별,가해운전자 연령,가해운전자 상해정도,피해운전자 차종,피해운전자 성별,피해운전자 연령,피해운전자 상해정도
2021010100100115,2021년 1월 1일 15시,금요일,부산광역시 북구 구포동,중상사고,0,1,0,0,차대사람 - 보도통행중,안전운전불이행,포장 - 건조,맑음,교차로 - 교차로안,승용,남,19세,상해없음,보행자,여,63세,중상
2021010200100012,2021년 1월 2일 02시,토요일,부산광역시 사하구 감천동,중상사고,0,1,0,0,차대사람 - 횡단중,과속,포장 - 건조,맑음,단일로 - 기타,승용,남,34세,상해없음,보행자,남,17세,중상
2021010200100101,2021년 1월 2일 12시,토요일,부산광역시 북구 화명동,중상사고,0,1,0,0,차대사람 - 횡단중,신호위반,포장 - 건조,맑음,단일로 - 지하차도(도로)내,이륜,남,38세,상해없음,보행자,여,58세,중상
2021010200100144,2021년 1월 2일 13시,토요일,부산광역시 남구 대연동,경상사고,0,0,1,0,차대사람 - 기타,교차로운행방법위반,포장 - 건조,맑음,교차로 - 교차로안,승용,남,53세,상해없음,보행자,남,24세,경상
2021010200100209,2021년 1월 2일 15시,토요일,부산광역시 남구 용호동,경상사고,0,0,1,0,차대사람 - 기타,안전운전불이행,포장 - 건조,맑음,기타 - 기타,승용,남,44세,상해없음,보행자,여,66세,경상
2021010200100256,2021년 1월 2일 17시,토요일,부산광역시 북구 화명동,경상사고,0,0,1,0,차대사람 - 차도통행중,안전운전불이행,포장 - 건조,맑음,단일로 - 지하차도(도로)내,승용,남,67세,상해없음,보행자,여,41세,경상
2021010200100321,2021년 1월 2일 19시,토요일,부산광역시 사하구 장림동,부상신고사고,0,0,0,1,차대사람 - 기타,안전운전불이행,포장 - 건조,맑음,단일로 - 기타,승합,남,46세,상해없음,보행자,남,51세,부상신고
2021010200100388,2021년 1월 2일 21시,토요일,부산광역시 부산진구 양정동,부상신고사고,0,0,0,1,차대사람 - 횡단중,안전운전불이행,포장 - 건조,맑음,교차로 - 교차로안,승용,남,28세,상해없음,보행자,남,75세,부상신고
2021010200100389,2021년 1월 2일 21시,토요일,부산광역시 연제구 연산동,경상사고,0,0,1,0,차대사람 - 횡단중,안전운전불이행,포장 - 건조,맑음,단일로 - 기타,승용,남,47세,상해없음,보행자,남,72세,경상
2021010200100390,2021년 1월 2일 21시,토요일,부산광역시 사상구 학장동,경상사고,0,0,1,0,차대사람 - 기타,안전운전불이행,포장 - 건조,맑음,교차로 - 교차로부근,승용,남,30세,상해없음,보행자,남,66세,경상
2021010200100419,2021년 1월 2일 22시,토요일,부산광역시 서구 충무동3가,부상신고사고,0,0,0,1,차대사람 - 길가장자리구역통행중,안전운전불이행,포장 - 건조,맑음,단일로 - 기타,승용,남,33세,상해없음,보행자,남,47세,부상신고
2021010300100038,2021년 1월 3일 10시,일요일,부산광역시 기장군 정관읍,경상사고,0,0,1,0,차대사람 - 횡단중,안전운전불이행,포장 - 건조,맑음,교차로 - 교차로안,승용,남,29세,상해없음,보행자,여,44세,경상
2021010300100113,2021년 1월 3일 15시,일요일,부산광역시 서구 충무동1가,중상사고,0,1,0,0,차대사람 - 기타,안전운전불이행,포장 - 건조,맑음,교차로 - 교차로부근,승용,남,73세,상해없음,보행자,여,70세,중상
2021010300100220,2021년 1월 3일 21시,일요일,부산광역시 수영구 광안동,경상사고,0,0,1,0,차대사람 - 횡단중,신호위반,포장 - 건조,맑음,교차로 - 교차로안,이륜,남,21세,상해없음,보행자,남,27세,경상
2021010400100177,2021년 1월 4일 14시,월요일,부산광역시 동래구 사직동,경상사고,0,0,1,0,차대사람 - 기타,보행자보호의무위반,포장 - 건조,맑음,단일로 - 기타,이륜,남,65세,기타불명,보행자,남,8세,경상
2021010400100203,2021년 1월 4일 15시,월요일,부산광역시 서구 토성동4가,경상사고,0,0,1,0,차대사람 - 차도통행중,안전운전불이행,포장 - 건조,맑음,단일로 - 기타,화물,남,79세,상해없음,보행자,여,61세,경상
2021010400100204,2021년 1월 4일 15시,월요일,부산광역시 동래구 명륜동,경상사고,0,0,1,0,차대사람 - 기타,안전운전불이행,포장 - 건조,맑음,단일로 - 기타,승용,남,49세,상해없음,보행자,남,31세,경상
2021010400100205,2021년 1월 4일 15시,월요일,부산광역시 금정구 부곡동,경상사고,0,0,1,0,차대사람 - 차도통행중,안전운전불이행,포장 - 건조,맑음,단일로 - 기타,승용,여,29세,상해없음,보행자,여,65세,경상
2021010400100294,2021년 1월 4일 18시,월요일,부산광역시 서구 아미동2가,중상사고,0,1,0,0,차대사람 - 횡단중,보행자보호의무위반,포장 - 건조,맑음,교차로 - 교차로횡단보도내,이륜,남,58세,상해없음,보행자,여,82세,중상
2021010400100339,2021년 1월 4일 19시,월요일,부산광역시 동구 범일동,중상사고,0,1,0,0,차대사람 - 횡단중,신호위반,포장 - 건조,맑음,교차로 - 교차로횡단보도내,승용,여,57세,상해없음,보행자,여,73세,중상
2021010400100340,2021년 1월 4일 19시,월요일,부산광역시 북구 화명동,경상사고,0,0,1,0,차대사람 - 횡단중,신호위반,포장 - 건조,맑음,교차로 - 교차로안,이륜,남,23세,상해없음,보행자,여,16세,경상
2021010400100341,2021년 1월 4일 19시,월요일,부산광역시 영도구 신선동3가,중상사고,0,1,0,0,차대사람 - 기타,안전운전불이행,포장 - 건조,맑음,단일로 - 기타,이륜,남,21세,상해없음,보행자,남,80세,중상
2021010400100343,2021년 1월 4일 19시,월요일,부산광역시 해운대구 반여동,경상사고,0,0,1,0,차대사람 - 길가장자리구역통행중,안전운전불이행,포장 - 건조,맑음,단일로 - 기타,승용,남,45세,상해없음,보행자,남,66세,경상
2021010400100344,2021년 1월 4일 19시,월요일,부산광역시 부산진구 가야동,경상사고,0,0,1,0,차대사람 - 기타,안전운전불이행,포장 - 건조,맑음,단일로 - 기타,화물,남,63세,상해없음,보행자,남,65세,경상
2021010400100400,2021년 1월 4일 21시,월요일,부산광역시 수영구 광안동,경상사고,0,0,1,0,차대사람 - 보도통행중,안전운전불이행,포장 - 건조,맑음,단일로 - 기타,승용,남,58세,상해없음,보행자,남,20세,경상
2021010400100434,2021년 1월 4일 23시,월요일,부산광역시 금정구 부곡동,경상사고,0,0,1,0,차대사람 - 길가장자리구역통행중,안전운전불이행,포장 - 건조,맑음,교차로 - 교차로부근,사륜오토바이(ATV),남,20세,상해없음,보행자,여,19세,경상
2021010500100041,2021년 1월 5일 08시,화요일,부산광역시 동래구 온천동,경상사고,0,0,1,0,차대사람 - 기타,보행자보호의무위반,포장 - 건조,맑음,단일로 - 기타,승용,남,68세,상해없음,보행자,여,66세,경상
2021010500100104,2021년 1월 5일 11시,화요일,부산광역시 부산진구 부전동,경상사고,0,0,1,0,차대사람 - 횡단중,보행자보호의무위반,포장 - 건조,맑음,단일로 - 기타,승용,여,70세,상해없음,보행자,여,32세,경상
2021010500100263,2021년 1월 5일 17시,화요일,부산광역시 수영구 광안동,경상사고,0,0,1,0,차대사람 - 기타,안전운전불이행,포장 - 건조,맑음,교차로 - 교차로안,승용,남,63세,상해없음,보행자,여,8세,경상
2021010500100401,2021년 1월 5일 21시,화요일,부산광역시 금정구 남산동,사망사고,1,0,0,0,차대사람 - 기타,안전운전불이행,포장 - 건조,맑음,단일로 - 기타,승용,남,71세,상해없음,보행자,남,55세,사망
2021010600100030,2021년 1월 6일 06시,수요일,부산광역시 사상구 엄궁동,경상사고,0,0,1,0,차대사람 - 기타,안전운전불이행,포장 - 건조,맑음,교차로 - 교차로부근,건설기계,남,53세,상해없음,보행자,여,69세,경상
2021010600100049,2021년 1월 6일 07시,수요일,부산광역시 해운대구 좌동,중상사고,0,1,0,0,차대사람 - 횡단중,신호위반,포장 - 건조,맑음,교차로 - 교차로횡단보도내,화물,남,76세,상해없음,보행자,남,55세,중상
2021010600100115,2021년 1월 6일 10시,수요일,부산광역시 동래구 사직동,경상사고,0,0,1,0,차대사람 - 기타,안전운전불이행,포장 - 건조,맑음,단일로 - 기타,승용,여,48세,기타불명,보행자,여,66세,경상
2021010600100116,2021년 1월 6일 10시,수요일,부산광역시 금정구 구서동,중상사고,0,1,0,0,차대사람 - 기타,기타,포장 - 건조,맑음,단일로 - 기타,승용,여,49세,상해없음,보행자,남,75세,중상
2021010600100135,2021년 1월 6일 11시,수요일,부산광역시 사하구 괴정동,중상사고,0,1,0,0,차대사람 - 기타,안전운전불이행,포장 - 건조,맑음,단일로 - 기타,승용,남,46세,상해없음,보행자,남,58세,중상
2021010600100181,2021년 1월 6일 13시,수요일,부산광역시 남구 용당동,경상사고,0,0,1,0,차대사람 - 기타,안전운전불이행,포장 - 건조,맑음,교차로 - 교차로안,건설기계,남,60세,상해없음,보행자,남,50세,경상
2021010600100209,2021년 1월 6일 14시,수요일,부산광역시 수영구 광안동,중상사고,0,1,0,0,차대사람 - 길가장자리구역통행중,안전운전불이행,포장 - 건조,맑음,단일로 - 기타,승용,여,25세,상해없음,보행자,여,61세,중상
2021010600100247,2021년 1월 6일 15시,수요일,부산광역시 해운대구 좌동,경상사고,0,0,1,0,차대사람 - 기타,안전운전불이행,포장 - 건조,맑음,기타 - 기타,화물,남,47세,상해없음,보행자,여,80세,경상
2021010600100313,2021년 1월 6일 17시,수요일,부산광역시 북구 화명동,경상사고,0,0,1,0,차대사람 - 기타,기타,포장 - 건조,맑음,기타 - 기타,원동기,남,84세,상해없음,보행자,남,19세,경상
2021010600100315,2021년 1월 6일 17시,수요일,부산광역시 해운대구 우동,경상사고,0,0,1,0,차대사람 - 기타,안전운전불이행,포장 - 건조,맑음,단일로 - 기타,기타불명,기타불명,미분류,기타불명,보행자,남,27세,경상
2021010600100344,2021년 1월 6일 18시,수요일,부산광역시 부산진구 양정동,중상사고,0,1,0,0,차대사람 - 횡단중,안전운전불이행,포장 - 건조,맑음,교차로 - 교차로안,승용,남,51세,상해없음,보행자,여,29세,중상
2021010600100491,2021년 1월 6일 21시,수요일,부산광역시 부산진구 초읍동,중상사고,0,1,0,0,차대사람 - 차도통행중,안전운전불이행,포장 - 건조,맑음,기타 - 기타,승용,남,37세,상해없음,보행자,남,54세,중상
2021010600100492,2021년 1월 6일 21시,수요일,부산광역시 기장군 철마면,중상사고,0,1,0,0,차대사람 - 차도통행중,안전운전불이행,포장 - 건조,맑음,단일로 - 기타,승용,여,49세,상해없음,보행자,남,21세,중상
2021010700100123,2021년 1월 7일 11시,목요일,부산광역시 동구 초량동,경상사고,0,0,1,0,차대사람 - 횡단중,보행자보호의무위반,포장 - 건조,맑음,교차로 - 교차로횡단보도내,화물,남,49세,상해없음,보행자,여,20세,경상
2021010700100215,2021년 1월 7일 14시,목요일,부산광역시 해운대구 반여동,경상사고,0,0,1,0,차대사람 - 기타,안전운전불이행,포장 - 건조,맑음,단일로 - 기타,승용,여,57세,상해없음,보행자,여,19세,경상
2021010700100231,2021년 1월 7일 15시,목요일,부산광역시 강서구 명지동,사망사고,1,0,0,0,차대사람 - 횡단중,신호위반,포장 - 건조,맑음,단일로 - 기타,건설기계,남,72세,상해없음,보행자,여,73세,사망
2021010700100255,2021년 1월 7일 16시,목요일,부산광역시 연제구 연산동,중상사고,0,1,0,0,차대사람 - 기타,안전운전불이행,포장 - 건조,맑음,단일로 - 기타,승용,남,36세,상해없음,보행자,여,57세,중상
2021010700100297,2021년 1월 7일 18시,목요일,부산광역시 동래구 온천동,경상사고,0,0,1,0,차대사람 - 횡단중,안전운전불이행,포장 - 건조,맑음,단일로 - 기타,승용,남,77세,상해없음,보행자,남,60세,경상
2021010700100341,2021년 1월 7일 20시,목요일,부산광역시 사상구 감전동,중상사고,0,1,0,0,차대사람 - 기타,안전운전불이행,포장 - 건조,맑음,교차로 - 교차로안,승용,남,37세,상해없음,보행자,남,40세,중상
2021010800100134,2021년 1월 8일 12시,금요일,부산광역시 부산진구 부전동,경상사고,0,0,1,0,차대사람 - 기타,안전운전불이행,포장 - 건조,맑음,단일로 - 기타,승용,여,21세,상해없음,보행자,여,22세,경상
2021010800100212,2021년 1월 8일 14시,금요일,부산광역시 기장군 기장읍,경상사고,0,0,1,0,차대사람 - 횡단중,보행자보호의무위반,포장 - 건조,맑음,교차로 - 교차로안,승용,여,67세,상해없음,보행자,여,72세,경상
2021010800100343,2021년 1월 8일 18시,금요일,부산광역시 부산진구 부전동,경상사고,0,0,1,0,차대사람 - 기타,안전운전불이행,포장 - 건조,맑음,단일로 - 기타,승용,여,32세,상해없음,보행자,여,30세,경상
2021010800100395,2021년 1월 8일 19시,금요일,부산광역시 부산진구 전포동,경상사고,0,0,1,0,차대사람 - 횡단중,보행자보호의무위반,포장 - 건조,맑음,교차로 - 교차로안,화물,남,60세,상해없음,보행자,여,11세,경상
2021010800100431,2021년 1월 8일 20시,금요일,부산광역시 연제구 연산동,경상사고,0,0,1,0,차대사람 - 횡단중,안전운전불이행,포장 - 건조,맑음,교차로 - 교차로부근,승용,남,27세,상해없음,보행자,여,50세,경상
2021010800100473,2021년 1월 8일 21시,금요일,부산광역시 동구 수정동,경상사고,0,0,1,0,차대사람 - 기타,안전운전불이행,포장 - 건조,맑음,교차로 - 교차로부근,기타불명,기타불명,미분류,기타불명,보행자,남,26세,경상
2021010900100038,2021년 1월 9일 08시,토요일,부산광역시 남구 감만동,중상사고,0,1,0,0,차대사람 - 기타,안전운전불이행,포장 - 건조,맑음,단일로 - 기타,이륜,남,55세,상해없음,보행자,여,67세,중상
2021010900100056,2021년 1월 9일 09시,토요일,부산광역시 남구 대연동,경상사고,0,0,1,0,차대사람 - 길가장자리구역통행중,보행자보호의무위반,포장 - 건조,맑음,교차로 - 교차로부근,승용,남,55세,상해없음,보행자,여,37세,경상
2021010900100102,2021년 1월 9일 11시,토요일,부산광역시 수영구 수영동,경상사고,0,0,1,0,차대사람 - 횡단중,안전운전불이행,포장 - 건조,맑음,교차로 - 교차로안,승용,여,52세,상해없음,보행자,여,73세,경상
2021010900100241,2021년 1월 9일 15시,토요일,부산광역시 금정구 부곡동,경상사고,0,0,1,0,차대사람 - 기타,안전운전불이행,포장 - 건조,맑음,기타 - 기타,이륜,남,28세,상해없음,보행자,남,33세,경상
2021010900100242,2021년 1월 9일 15시,토요일,부산광역시 사상구 삼락동,중상사고,0,1,0,0,차대사람 - 차도통행중,안전운전불이행,포장 - 건조,맑음,단일로 - 기타,화물,남,27세,상해없음,보행자,여,54세,중상
2021010900100266,2021년 1월 9일 16시,토요일,부산광역시 북구 덕천동,중상사고,0,1,0,0,차대사람 - 횡단중,보행자보호의무위반,포장 - 건조,맑음,기타 - 기타,화물,남,59세,상해없음,보행자,여,59세,중상
2021010900100341,2021년 1월 9일 18시,토요일,부산광역시 기장군 철마면,경상사고,0,0,1,0,차대사람 - 횡단중,신호위반,포장 - 건조,맑음,단일로 - 기타,이륜,남,44세,상해없음,보행자,여,49세,경상
2021010900100431,2021년 1월 9일 21시,토요일,부산광역시 수영구 민락동,경상사고,0,0,1,0,차대사람 - 기타,안전운전불이행,포장 - 건조,맑음,단일로 - 기타,승용,남,53세,상해없음,보행자,여,50세,경상
2021010900100432,2021년 1월 9일 21시,토요일,부산광역시 사하구 하단동,경상사고,0,0,1,0,차대사람 - 기타,기타,포장 - 건조,맑음,단일로 - 지하차도(도로)내,승용,남,47세,상해없음,보행자,남,60세,경상
2021010900100433,2021년 1월 9일 21시,토요일,부산광역시 연제구 연산동,중상사고,0,1,0,0,차대사람 - 횡단중,보행자보호의무위반,포장 - 건조,맑음,교차로 - 교차로부근,승용,남,47세,상해없음,보행자,남,56세,중상
2021011000100037,2021년 1월 10일 10시,일요일,부산광역시 동래구 복천동,중상사고,0,2,0,0,차대사람 - 차도통행중,보행자보호의무위반,포장 - 건조,맑음,단일로 - 기타,승용,여,63세,상해없음,보행자,여,80세,중상
2021011000100265,2021년 1월 10일 19시,일요일,부산광역시 서구 서대신동1가,부상신고사고,0,0,0,1,차대사람 - 횡단중,안전운전불이행,포장 - 건조,맑음,교차로 - 교차로안,승용,남,64세,상해없음,보행자,남,39세,부상신고
2021011000100322,2021년 1월 10일 21시,일요일,부산광역시 부산진구 가야동,경상사고,0,0,1,0,차대사람 - 기타,안전운전불이행,포장 - 건조,맑음,단일로 - 기타,승용,남,21세,상해없음,보행자,남,20세,경상
2021011100100001,2021년 1월 11일 00시,월요일,부산광역시 영도구 동삼동,중상사고,0,1,0,0,차대사람 - 횡단중,안전운전불이행,포장 - 건조,맑음,교차로 - 교차로안,화물,남,48세,상해없음,보행자,여,43세,중상
2021011100100014,2021년 1월 11일 06시,월요일,부산광역시 사하구 감천동,경상사고,0,0,1,0,차대사람 - 횡단중,안전운전불이행,포장 - 건조,맑음,단일로 - 기타,승용,남,73세,상해없음,보행자,남,76세,경상
2021011100100030,2021년 1월 11일 07시,월요일,부산광역시 서구 서대신동3가,중상사고,0,1,0,0,차대사람 - 횡단중,안전운전불이행,포장 - 건조,맑음,교차로 - 교차로부근,승용,남,49세,상해없음,보행자,여,70세,중상
2021011100100267,2021년 1월 11일 15시,월요일,부산광역시 부산진구 전포동,경상사고,0,0,1,0,차대사람 - 횡단중,보행자보호의무위반,포장 - 건조,맑음,교차로 - 교차로횡단보도내,화물,남,27세,상해없음,보행자,남,68세,경상
2021011100100303,2021년 1월 11일 16시,월요일,부산광역시 북구 구포동,경상사고,0,0,1,0,차대사람 - 기타,안전운전불이행,포장 - 건조,맑음,단일로 - 기타,승용,남,58세,상해없음,보행자,여,73세,경상
2021011100100358,2021년 1월 11일 18시,월요일,부산광역시 동래구 사직동,경상사고,0,0,1,0,차대사람 - 기타,안전운전불이행,포장 - 건조,맑음,단일로 - 기타,승용,여,47세,상해없음,보행자,여,68세,경상
2021011200100051,2021년 1월 12일 08시,화요일,부산광역시 사상구 학장동,경상사고,0,0,1,0,차대사람 - 차도통행중,안전운전불이행,포장 - 건조,맑음,기타 - 기타,승용,남,60세,상해없음,보행자,남,25세,경상
2021011200100149,2021년 1월 12일 12시,화요일,부산광역시 수영구 수영동,경상사고,0,0,1,0,차대사람 - 기타,안전운전불이행,포장 - 건조,맑음,단일로 - 기타,승용,남,63세,상해없음,보행자,여,79세,경상
2021011200100215,2021년 1월 12일 14시,화요일,부산광역시 동구 초량동,경상사고,0,0,1,0,차대사람 - 차도통행중,안전운전불이행,포장 - 건조,맑음,단일로 - 기타,승용,남,55세,상해없음,보행자,여,21세,경상
2021011200100314,2021년 1월 12일 17시,화요일,부산광역시 사상구 삼락동,경상사고,0,0,1,0,차대사람 - 기타,안전운전불이행,포장 - 건조,맑음,교차로 - 교차로안,화물,남,31세,상해없음,보행자,여,56세,경상
2021011200100456,2021년 1월 12일 22시,화요일,부산광역시 강서구 구랑동,경상사고,0,0,1,0,차대사람 - 횡단중,보행자보호의무위반,포장 - 건조,맑음,교차로 - 교차로횡단보도내,승용,남,66세,상해없음,보행자,남,48세,경상
2021011300100224,2021년 1월 13일 14시,수요일,부산광역시 남구 문현동,중상사고,0,1,0,0,차대사람 - 횡단중,안전운전불이행,포장 - 건조,맑음,교차로 - 교차로부근,승용,여,52세,상해없음,보행자,여,61세,중상
2021011300100252,2021년 1월 13일 15시,수요일,부산광역시 기장군 기장읍,중상사고,0,1,0,0,차대사람 - 횡단중,보행자보호의무위반,포장 - 건조,맑음,교차로 - 교차로횡단보도내,화물,남,55세,상해없음,보행자,남,75세,중상
2021011300100285,2021년 1월 13일 16시,수요일,부산광역시 남구 대연동,중상사고,0,1,0,0,차대사람 - 기타,안전운전불이행,포장 - 건조,맑음,단일로 - 기타,화물,남,84세,기타불명,보행자,여,42세,중상
2021011300100347,2021년 1월 13일 18시,수요일,부산광역시 동래구 명륜동,경상사고,0,0,1,0,차대사람 - 보도통행중,기타,포장 - 건조,맑음,기타 - 기타,이륜,남,21세,상해없음,보행자,남,22세,경상
2021011300100404,2021년 1월 13일 19시,수요일,부산광역시 해운대구 반여동,경상사고,0,0,1,0,차대사람 - 기타,안전운전불이행,포장 - 건조,맑음,단일로 - 기타,승용,남,66세,상해없음,보행자,남,57세,경상
2021011300100492,2021년 1월 13일 22시,수요일,부산광역시 해운대구 반여동,중상사고,0,1,0,0,차대사람 - 횡단중,안전운전불이행,포장 - 건조,맑음,단일로 - 기타,승용,남,33세,상해없음,보행자,남,64세,중상
2021011400100152,2021년 1월 14일 10시,목요일,부산광역시 부산진구 부전동,경상사고,0,0,1,0,차대사람 - 기타,안전운전불이행,포장 - 건조,맑음,단일로 - 기타,화물,남,62세,상해없음,보행자,남,23세,경상
2021011400100153,2021년 1월 14일 10시,목요일,부산광역시 사상구 삼락동,경상사고,0,0,1,0,차대사람 - 횡단중,안전운전불이행,포장 - 건조,맑음,단일로 - 기타,화물,남,64세,상해없음,보행자,남,38세,경상
2021011400100181,2021년 1월 14일 11시,목요일,부산광역시 남구 용호동,경상사고,0,0,1,0,차대사람 - 횡단중,신호위반,포장 - 건조,맑음,교차로 - 교차로횡단보도내,승용,남,59세,상해없음,보행자,남,51세,경상
2021011400100313,2021년 1월 14일 15시,목요일,부산광역시 서구 아미동2가,경상사고,0,0,1,0,차대사람 - 길가장자리구역통행중,안전운전불이행,포장 - 건조,맑음,단일로 - 기타,기타불명,기타불명,미분류,기타불명,보행자,여,28세,경상
2021011400100390,2021년 1월 14일 17시,목요일,부산광역시 남구 문현동,중상사고,0,1,0,0,차대사람 - 기타,안전운전불이행,포장 - 건조,맑음,단일로 - 기타,승합,남,68세,상해없음,보행자,여,78세,중상
2021011400100434,2021년 1월 14일 18시,목요일,부산광역시 사하구 다대동,중상사고,0,2,1,0,차대사람 - 기타,안전운전불이행,포장 - 건조,맑음,교차로 - 교차로부근,승용,남,71세,상해없음,보행자,남,73세,중상
2021011400100499,2021년 1월 14일 19시,목요일,부산광역시 연제구 연산동,중상사고,0,1,0,0,차대사람 - 횡단중,신호위반,포장 - 건조,맑음,단일로 - 기타,이륜,남,24세,상해없음,보행자,여,53세,중상
2021011400100538,2021년 1월 14일 20시,목요일,부산광역시 남구 우암동,중상사고,0,1,0,0,차대사람 - 기타,안전운전불이행,포장 - 건조,맑음,단일로 - 기타,승용,남,52세,상해없음,보행자,여,71세,중상
2021011500100204,2021년 1월 15일 13시,금요일,부산광역시 북구 화명동,중상사고,0,1,0,0,차대사람 - 기타,중앙선침범,포장 - 건조,맑음,단일로 - 기타,승용,여,46세,상해없음,보행자,남,81세,중상
2021011500100205,2021년 1월 15일 13시,금요일,부산광역시 영도구 동삼동,중상사고,0,1,0,0,차대사람 - 기타,안전운전불이행,포장 - 건조,맑음,기타 - 기타,화물,남,26세,상해없음,보행자,여,52세,중상
2021011500100244,2021년 1월 15일 14시,금요일,부산광역시 수영구 광안동,경상사고,0,0,1,0,차대사람 - 횡단중,보행자보호의무위반,포장 - 건조,맑음,교차로 - 교차로안,승용,남,35세,상해없음,보행자,여,60세,경상
2021011500100339,2021년 1월 15일 17시,금요일,부산광역시 해운대구 중동,부상신고사고,0,0,0,1,차대사람 - 기타,안전운전불이행,포장 - 건조,맑음,단일로 - 기타,기타불명,기타불명,미분류,기타불명,보행자,남,86세,상해없음
2021011500100340,2021년 1월 15일 17시,금요일,부산광역시 부산진구 전포동,경상사고,0,0,1,0,차대사람 - 횡단중,안전운전불이행,포장 - 건조,맑음,교차로 - 교차로안,승용,남,66세,상해없음,보행자,여,32세,경상
2021011500100396,2021년 1월 15일 18시,금요일,부산광역시 금정구 부곡동,중상사고,0,1,0,0,차대사람 - 기타,안전운전불이행,포장 - 건조,맑음,교차로 - 교차로안,승용,남,36세,상해없음,보행자,남,68세,중상
2021011500100594,2021년 1월 15일 22시,금요일,부산광역시 동구 초량동,중상사고,0,1,0,0,차대사람 - 횡단중,보행자보호의무위반,포장 - 건조,맑음,교차로 - 교차로횡단보도내,이륜,남,23세,상해없음,보행자,남,20세,중상
2021011500100595,2021년 1월 15일 22시,금요일,부산광역시 사상구 괘법동,중상사고,0,1,0,0,차대사람 - 횡단중,안전운전불이행,포장 - 건조,맑음,단일로 - 기타,승용,남,36세,상해없음,보행자,여,72세,중상
2021011600100095,2021년 1월 16일 11시,토요일,부산광역시 부산진구 부전동,경상사고,0,0,2,0,차대사람 - 기타,보행자보호의무위반,포장 - 건조,맑음,기타 - 기타,이륜,남,27세,상해없음,보행자,여,56세,경상
2021011600100120,2021년 1월 16일 12시,토요일,부산광역시 연제구 거제동,부상신고사고,0,0,0,1,차대사람 - 횡단중,보행자보호의무위반,포장 - 건조,맑음,단일로 - 기타,화물,남,59세,상해없음,보행자,남,31세,부상신고
2021011600100121,2021년 1월 16일 12시,토요일,부산광역시 강서구 명지동,부상신고사고,0,0,0,1,차대사람 - 기타,기타,포장 - 건조,맑음,단일로 - 기타,승합,남,50세,상해없음,보행자,남,83세,부상신고
2021011600100180,2021년 1월 16일 14시,토요일,부산광역시 수영구 수영동,중상사고,0,1,0,0,차대사람 - 기타,안전운전불이행,포장 - 건조,맑음,교차로 - 교차로안,화물,남,62세,상해없음,보행자,남,73세,중상
2021011600100213,2021년 1월 16일 15시,토요일,부산광역시 부산진구 부전동,경상사고,0,0,1,0,차대사람 - 기타,안전운전불이행,포장 - 서리/결빙,맑음,단일로 - 기타,이륜,남,40세,상해없음,보행자,여,62세,경상
2021011600100214,2021년 1월 16일 15시,토요일,부산광역시 기장군 장안읍,경상사고,0,0,1,0,차대사람 - 기타,안전운전불이행,포장 - 건조,맑음,단일로 - 기타,승용,남,56세,상해없음,보행자,남,11세,경상
2021011600100319,2021년 1월 16일 18시,토요일,부산광역시 연제구 연산동,경상사고,0,0,1,0,차대사람 - 횡단중,보행자보호의무위반,포장 - 건조,맑음,교차로 - 교차로부근,승용,남,33세,상해없음,보행자,여,51세,경상
2021011600100421,2021년 1월 16일 21시,토요일,부산광역시 기장군 기장읍,경상사고,0,0,2,0,차대사람 - 차도통행중,중앙선침범,포장 - 건조,맑음,교차로 - 교차로부근,승용,여,58세,상해없음,보행자,남,26세,경상
2021011700100028,2021년 1월 17일 08시,일요일,부산광역시 수영구 수영동,경상사고,0,0,1,0,차대사람 - 기타,안전운전불이행,포장 - 건조,맑음,단일로 - 기타,승용,여,59세,상해없음,보행자,여,48세,경상
2021011700100058,2021년 1월 17일 11시,일요일,부산광역시 남구 문현동,경상사고,0,0,1,0,차대사람 - 기타,안전운전불이행,포장 - 건조,맑음,단일로 - 교량,화물,남,76세,상해없음,보행자,여,62세,경상
2021011700100244,2021년 1월 17일 19시,일요일,부산광역시 부산진구 부전동,중상사고,0,1,0,0,차대사람 - 기타,안전운전불이행,포장 - 건조,맑음,기타 - 기타,화물,남,31세,상해없음,보행자,남,58세,중상
2021011800100018,2021년 1월 18일 06시,월요일,부산광역시 동구 수정동,경상사고,0,0,1,0,차대사람 - 횡단중,안전운전불이행,포장 - 건조,맑음,교차로 - 교차로안,승합,남,48세,상해없음,보행자,여,67세,경상