사고번호,사고일시,요일,시군구,사고내용,사망자수,중상자수,경상자수,부상신고자수,사고유형,법규위반,노면상태,기상상태,도로형태,가해운전자 차종,가해운전자 성별,가해운전자 연령,가해운전자 상해정도,피해운전자 차종,피해운전자 성별,피해운전자 연령,피해운전자 상해정도
2021022400100040,2021년 2월 24일 07시,수요일,부산광역시 동래구 낙민동,중상사고,0,1,0,0,차대사람 - 기타,안전운전불이행,포장 - 건조,맑음,단일로 - 기타,승합,남,60세,상해없음,보행자,여,64세,중상
2021022400100222,2021년 2월 24일 14시,수요일,부산광역시 수영구 광안동,경상사고,0,0,1,0,차대사람 - 기타,안전운전불이행,포장 - 건조,맑음,단일로 - 기타,승용,남,26세,상해없음,보행자,남,28세,경상
2021022400100319,2021년 2월 24일 17시,수요일,부산광역시 서구 아미동2가,중상사고,0,1,0,0,차대사람 - 횡단중,보행자보호의무위반,포장 - 건조,맑음,교차로 - 교차로횡단보도내,화물,남,25세,상해없음,보행자,남,63세,중상
2021022400100320,2021년 2월 24일 17시,수요일,부산광역시 동래구 명장동,경상사고,0,0,1,0,차대사람 - 횡단중,안전운전불이행,포장 - 건조,맑음,단일로 - 기타,승용,남,65세,기타불명,보행자,남,19세,경상
2021022400100430,2021년 2월 24일 20시,수요일,부산광역시 동래구 온천동,중상사고,0,1,0,0,차대사람 - 기타,안전운전불이행,포장 - 건조,맑음,교차로 - 교차로부근,이륜,남,40세,상해없음,보행자,여,52세,중상
2021022500100177,2021년 2월 25일 13시,목요일,부산광역시 동구 수정동,경상사고,0,0,1,0,차대사람 - 차도통행중,안전운전불이행,포장 - 건조,맑음,단일로 - 기타,승용,여,44세,상해없음,보행자,여,19세,경상
2021022500100243,2021년 2월 25일 15시,목요일,부산광역시 강서구 명지동,중상사고,0,1,0,0,차대사람 - 길가장자리구역통행중,기타,포장 - 건조,맑음,단일로 - 기타,승합,남,69세,상해없음,보행자,여,41세,중상
2021022500100304,2021년 2월 25일 17시,목요일,부산광역시 수영구 민락동,경상사고,0,0,1,0,차대사람 - 보도통행중,보행자보호의무위반,포장 - 건조,맑음,교차로 - 교차로횡단보도내,승용,남,50세,상해없음,보행자,여,29세,경상
2021022500100346,2021년 2월 25일 18시,목요일,부산광역시 금정구 서동,중상사고,0,1,0,0,차대사람 - 횡단중,보행자보호의무위반,포장 - 젖음/습기,비,교차로 - 교차로안,승용,여,53세,상해없음,보행자,여,64세,중상
2021022500100399,2021년 2월 25일 19시,목요일,부산광역시 부산진구 범천동,경상사고,0,0,1,0,차대사람 - 기타,안전운전불이행,포장 - 기타,맑음,단일로 - 기타,이륜,남,38세,상해없음,보행자,남,26세,경상
2021022500100400,2021년 2월 25일 19시,목요일,부산광역시 사하구 다대동,중상사고,0,1,0,0,차대사람 - 횡단중,안전운전불이행,포장 - 젖음/습기,비,교차로 - 교차로횡단보도내,승용,남,48세,상해없음,보행자,여,49세,중상
2021022500100437,2021년 2월 25일 20시,목요일,부산광역시 연제구 연산동,경상사고,0,0,2,0,차대사람 - 기타,안전운전불이행,포장 - 젖음/습기,비,단일로 - 기타,승용,여,53세,상해없음,보행자,남,39세,경상
2021022500100498,2021년 2월 25일 22시,목요일,부산광역시 사하구 장림동,경상사고,0,0,1,0,차대사람 - 차도통행중,안전운전불이행,포장 - 젖음/습기,비,단일로 - 기타,이륜,남,36세,기타불명,보행자,남,64세,경상
2021022600100004,2021년 2월 26일 00시,금요일,부산광역시 해운대구 우동,경상사고,0,0,1,0,차대사람 - 횡단중,안전운전불이행,포장 - 젖음/습기,비,교차로 - 교차로안,승용,남,57세,상해없음,보행자,남,44세,경상
2021022600100133,2021년 2월 26일 10시,금요일,부산광역시 남구 대연동,중상사고,0,1,0,0,차대사람 - 횡단중,안전운전불이행,포장 - 젖음/습기,비,교차로 - 교차로횡단보도내,화물,남,46세,상해없음,보행자,여,70세,중상
2021022600100342,2021년 2월 26일 16시,금요일,부산광역시 남구 대연동,경상사고,0,0,1,0,차대사람 - 횡단중,안전운전불이행,포장 - 건조,맑음,교차로 - 교차로횡단보도내,화물,남,45세,상해없음,보행자,남,29세,경상
2021022600100583,2021년 2월 26일 22시,금요일,부산광역시 중구 부평동2가,중상사고,0,1,0,0,차대사람 - 기타,안전운전불이행,포장 - 건조,맑음,단일로 - 기타,승용,여,56세,상해없음,보행자,남,64세,중상
2021022600100606,2021년 2월 26일 23시,금요일,부산광역시 부산진구 전포동,중상사고,0,1,0,0,차대사람 - 횡단중,안전운전불이행,포장 - 건조,맑음,교차로 - 교차로안,승용,여,55세,상해없음,보행자,남,40세,중상
2021022700100240,2021년 2월 27일 14시,토요일,부산광역시 서구 부민동1가,경상사고,0,0,1,0,차대사람 - 길가장자리구역통행중,안전운전불이행,포장 - 건조,맑음,단일로 - 교량,승용,남,62세,상해없음,보행자,여,51세,경상
2021022700100244,2021년 2월 27일 14시,토요일,부산광역시 금정구 부곡동,중상사고,0,1,0,0,차대사람 - 횡단중,보행자보호의무위반,포장 - 건조,맑음,단일로 - 기타,승용,여,50세,상해없음,보행자,여,84세,중상
2021022700100464,2021년 2월 27일 20시,토요일,부산광역시 사하구 감천동,사망사고,1,0,0,0,차대사람 - 기타,안전운전불이행,포장 - 건조,맑음,단일로 - 기타,승용,남,64세,상해없음,보행자,여,63세,사망
2021022800100005,2021년 2월 28일 00시,일요일,부산광역시 동구 범일동,경상사고,0,0,1,0,차대사람 - 차도통행중,안전운전불이행,포장 - 건조,맑음,단일로 - 기타,승용,남,59세,상해없음,보행자,남,51세,경상
2021022800100014,2021년 2월 28일 01시,일요일,부산광역시 남구 문현동,중상사고,0,1,0,0,차대사람 - 횡단중,안전운전불이행,포장 - 건조,맑음,단일로 - 기타,기타불명,기타불명,미분류,기타불명,보행자,남,41세,중상
2021022800100015,2021년 2월 28일 01시,일요일,부산광역시 사하구 하단동,중상사고,0,1,0,0,차대사람 - 기타,안전운전불이행,포장 - 건조,맑음,단일로 - 기타,승용,남,65세,상해없음,보행자,여,77세,중상
2021022800100035,2021년 2월 28일 04시,일요일,부산광역시 사하구 장림동,중상사고,0,1,0,0,차대사람 - 횡단중,신호위반,포장 - 건조,맑음,교차로 - 교차로안,승합,남,39세,상해없음,보행자,남,63세,중상
2021022800100088,2021년 2월 28일 11시,일요일,부산광역시 사하구 감천동,경상사고,0,0,1,0,차대사람 - 기타,안전운전불이행,포장 - 건조,맑음,단일로 - 기타,승용,여,30세,상해없음,보행자,여,26세,경상
2021030100100036,2021년 3월 1일 06시,월요일,부산광역시 사상구 엄궁동,중상사고,0,1,0,0,차대사람 - 기타,안전운전불이행,포장 - 건조,맑음,기타 - 기타,화물,남,65세,상해없음,보행자,남,38세,중상
2021030100100135,2021년 3월 1일 14시,월요일,부산광역시 금정구 장전동,경상사고,0,0,1,0,차대사람 - 기타,안전운전불이행,포장 - 젖음/습기,비,교차로 - 교차로부근,이륜,남,14세,상해없음,보행자,남,17세,경상
2021030100100230,2021년 3월 1일 17시,월요일,부산광역시 부산진구 가야동,중상사고,0,1,0,0,차대사람 - 기타,안전운전불이행,포장 - 젖음/습기,비,교차로 - 교차로부근,승용,남,50세,상해없음,보행자,남,79세,중상
2021030100100262,2021년 3월 1일 18시,월요일,부산광역시 동래구 명장동,경상사고,0,0,1,0,차대사람 - 기타,안전운전불이행,포장 - 젖음/습기,비,단일로 - 기타,승합,남,69세,상해없음,보행자,남,66세,경상
2021030100100264,2021년 3월 1일 18시,월요일,부산광역시 해운대구 우동,경상사고,0,0,1,0,차대사람 - 횡단중,신호위반,포장 - 건조,맑음,교차로 - 교차로횡단보도내,이륜,남,46세,상해없음,보행자,남,43세,경상
2021030100100266,2021년 3월 1일 18시,월요일,부산광역시 사상구 학장동,중상사고,0,1,0,0,차대사람 - 기타,신호위반,포장 - 젖음/습기,비,단일로 - 기타,이륜,남,33세,기타불명,보행자,여,72세,중상
2021030100100391,2021년 3월 1일 21시,월요일,부산광역시 수영구 광안동,중상사고,0,1,0,0,차대사람 - 기타,안전운전불이행,포장 - 젖음/습기,비,교차로 - 교차로부근,기타불명,기타불명,미분류,기타불명,보행자,남,50세,중상
2021030100100449,2021년 3월 1일 23시,월요일,부산광역시 동래구 칠산동,중상사고,0,1,0,0,차대사람 - 횡단중,안전운전불이행,포장 - 젖음/습기,비,단일로 - 기타,승용,남,50세,상해없음,보행자,남,64세,중상
2021030200100012,2021년 3월 2일 01시,화요일,부산광역시 연제구 연산동,중상사고,0,1,0,0,차대사람 - 횡단중,안전운전불이행,포장 - 젖음/습기,비,단일로 - 기타,승용,남,34세,상해없음,보행자,여,72세,중상
2021030200100029,2021년 3월 2일 06시,화요일,부산광역시 부산진구 부전동,부상신고사고,0,0,0,1,차대사람 - 기타,안전운전불이행,포장 - 건조,맑음,단일로 - 기타,원동기,남,26세,부상신고,보행자,남,62세,상해없음
2021030200100235,2021년 3월 2일 14시,화요일,부산광역시 남구 문현동,중상사고,0,1,0,0,차대사람 - 보도통행중,안전운전불이행,포장 - 건조,맑음,교차로 - 교차로안,화물,남,44세,상해없음,보행자,여,59세,중상
2021030200100236,2021년 3월 2일 14시,화요일,부산광역시 수영구 수영동,중상사고,0,1,0,0,차대사람 - 보도통행중,안전운전불이행,포장 - 건조,맑음,단일로 - 기타,화물,남,42세,상해없음,보행자,남,10세,중상
2021030200100424,2021년 3월 2일 19시,화요일,부산광역시 사상구 엄궁동,중상사고,0,1,0,0,차대사람 - 기타,안전운전불이행,포장 - 건조,맑음,교차로 - 교차로안,승용,남,29세,상해없음,보행자,남,29세,중상
2021030200100498,2021년 3월 2일 22시,화요일,부산광역시 남구 대연동,중상사고,0,1,0,0,차대사람 - 기타,안전운전불이행,포장 - 건조,맑음,단일로 - 기타,승용,여,22세,상해없음,보행자,남,51세,중상
2021030200100500,2021년 3월 2일 22시,화요일,부산광역시 해운대구 좌동,부상신고사고,0,0,0,1,차대사람 - 횡단중,안전운전불이행,포장 - 건조,맑음,단일로 - 기타,기타불명,기타불명,미분류,기타불명,보행자,남,59세,부상신고
2021030300100025,2021년 3월 3일 05시,수요일,부산광역시 중구 부평동1가,중상사고,0,1,0,0,차대사람 - 횡단중,안전운전불이행,포장 - 건조,맑음,단일로 - 기타,화물,남,60세,상해없음,보행자,남,73세,중상
2021030300100081,2021년 3월 3일 08시,수요일,부산광역시 부산진구 부전동,중상사고,0,1,0,1,차대사람 - 횡단중,안전운전불이행,포장 - 건조,맑음,단일로 - 기타,이륜,남,30세,부상신고,보행자,여,18세,중상
2021030300100082,2021년 3월 3일 08시,수요일,부산광역시 사상구 덕포동,중상사고,0,1,0,0,차대사람 - 기타,안전운전불이행,포장 - 건조,맑음,단일로 - 기타,승용,남,65세,상해없음,보행자,남,36세,중상
2021030300100120,2021년 3월 3일 09시,수요일,부산광역시 동래구 낙민동,중상사고,0,1,0,0,차대사람 - 보도통행중,신호위반,포장 - 건조,맑음,단일로 - 기타,승용,남,50세,상해없음,보행자,여,51세,중상
2021030300100147,2021년 3월 3일 10시,수요일,부산광역시 동래구 복천동,부상신고사고,0,0,0,1,차대사람 - 횡단중,보행자보호의무위반,포장 - 건조,맑음,교차로 - 교차로안,화물,남,45세,상해없음,보행자,여,71세,부상신고
2021030300100272,2021년 3월 3일 14시,수요일,부산광역시 동래구 온천동,경상사고,0,0,1,0,차대사람 - 기타,신호위반,포장 - 건조,맑음,단일로 - 기타,승용,남,67세,상해없음,보행자,남,53세,경상
2021030300100383,2021년 3월 3일 18시,수요일,부산광역시 연제구 연산동,경상사고,0,0,1,0,차대사람 - 길가장자리구역통행중,안전운전불이행,포장 - 건조,맑음,단일로 - 기타,승용,남,26세,상해없음,보행자,남,22세,경상
2021030300100504,2021년 3월 3일 22시,수요일,부산광역시 금정구 장전동,경상사고,0,0,1,0,차대사람 - 횡단중,보행자보호의무위반,포장 - 건조,맑음,교차로 - 교차로횡단보도내,승용,여,60세,상해없음,보행자,남,55세,경상
2021030400100021,2021년 3월 4일 04시,목요일,부산광역시 남구 대연동,경상사고,0,0,1,0,차대사람 - 기타,안전운전불이행,포장 - 건조,맑음,교차로 - 교차로안,승용,남,68세,상해없음,보행자,남,41세,경상
2021030400100134,2021년 3월 4일 10시,목요일,부산광역시 중구 영주동,경상사고,0,0,1,0,차대사람 - 길가장자리구역통행중,안전운전불이행,포장 - 건조,맑음,단일로 - 기타,이륜,남,24세,상해없음,보행자,여,62세,경상
2021030400100135,2021년 3월 4일 10시,목요일,부산광역시 금정구 구서동,경상사고,0,0,1,0,차대사람 - 길가장자리구역통행중,보행자보호의무위반,포장 - 건조,맑음,단일로 - 기타,승용,여,19세,상해없음,보행자,여,91세,경상
2021030400100210,2021년 3월 4일 13시,목요일,부산광역시 사하구 하단동,중상사고,0,1,0,0,차대사람 - 차도통행중,안전운전불이행,포장 - 건조,맑음,단일로 - 기타,화물,남,55세,상해없음,보행자,남,83세,중상
2021030400100235,2021년 3월 4일 14시,목요일,부산광역시 동구 범일동,경상사고,0,0,1,0,차대사람 - 차도통행중,보행자보호의무위반,포장 - 건조,맑음,단일로 - 기타,승용,여,59세,상해없음,보행자,남,25세,경상
2021030400100258,2021년 3월 4일 15시,목요일,부산광역시 남구 용호동,경상사고,0,0,1,0,차대사람 - 차도통행중,안전운전불이행,포장 - 건조,맑음,단일로 - 기타,승용,남,31세,상해없음,보행자,남,78세,경상
2021030400100279,2021년 3월 4일 16시,목요일,부산광역시 부산진구 당감동,경상사고,0,0,2,0,차대사람 - 기타,안전운전불이행,포장 - 건조,맑음,교차로 - 교차로횡단보도내,화물,남,55세,상해없음,보행자,남,61세,경상
2021030400100334,2021년 3월 4일 18시,목요일,부산광역시 금정구 서동,중상사고,0,1,0,0,차대사람 - 횡단중,보행자보호의무위반,포장 - 젖음/습기,비,단일로 - 지하차도(도로)내,화물,남,64세,상해없음,보행자,여,58세,중상
2021030400100422,2021년 3월 4일 20시,목요일,부산광역시 중구 중앙동4가,중상사고,0,1,0,0,차대사람 - 횡단중,신호위반,포장 - 젖음/습기,비,교차로 - 교차로안,이륜,남,39세,상해없음,보행자,여,41세,중상
2021030400100425,2021년 3월 4일 20시,목요일,부산광역시 사상구 모라동,부상신고사고,0,0,0,1,차대사람 - 기타,안전운전불이행,포장 - 건조,맑음,교차로 - 교차로부근,승합,남,42세,상해없음,보행자,남,42세,부상신고
2021030400100452,2021년 3월 4일 21시,목요일,부산광역시 동래구 온천동,중상사고,0,1,0,0,차대사람 - 기타,보행자보호의무위반,포장 - 건조,맑음,단일로 - 기타,승용,남,63세,상해없음,보행자,남,51세,중상
2021030400100480,2021년 3월 4일 22시,목요일,부산광역시 동래구 안락동,경상사고,0,0,1,0,차대사람 - 기타,보행자보호의무위반,비포장 - 젖음/습기,맑음,교차로 - 교차로부근,승합,남,73세,상해없음,보행자,남,59세,경상
2021030400100511,2021년 3월 4일 23시,목요일,부산광역시 수영구 광안동,중상사고,0,1,0,0,차대사람 - 기타,안전운전불이행,포장 - 젖음/습기,비,교차로 - 교차로안,승합,남,64세,상해없음,보행자,남,59세,중상
2021030500100032,2021년 3월 5일 05시,금요일,부산광역시 중구 대창동2가,중상사고,0,1,0,0,차대사람 - 횡단중,보행자보호의무위반,포장 - 젖음/습기,흐림,교차로 - 교차로횡단보도내,승용,남,49세,상해없음,보행자,남,26세,중상
2021030500100033,2021년 3월 5일 05시,금요일,부산광역시 사하구 감천동,중상사고,0,1,0,0,차대사람 - 기타,안전운전불이행,포장 - 젖음/습기,비,단일로 - 기타,승용,남,64세,상해없음,보행자,남,54세,중상
2021030500100081,2021년 3월 5일 08시,금요일,부산광역시 해운대구 중동,중상사고,0,1,0,0,차대사람 - 횡단중,보행자보호의무위반,포장 - 건조,맑음,교차로 - 교차로횡단보도내,승용,여,79세,상해없음,보행자,여,23세,중상
2021030500100158,2021년 3월 5일 10시,금요일,부산광역시 사하구 다대동,경상사고,0,0,1,0,차대사람 - 기타,안전운전불이행,포장 - 건조,맑음,단일로 - 기타,승용,여,57세,상해없음,보행자,남,81세,경상
2021030500100240,2021년 3월 5일 13시,금요일,부산광역시 동구 범일동,중상사고,0,1,0,0,차대사람 - 횡단중,안전운전불이행,포장 - 건조,맑음,교차로 - 교차로횡단보도내,자전거,남,52세,상해없음,보행자,여,68세,중상
2021030500100310,2021년 3월 5일 15시,금요일,부산광역시 북구 구포동,경상사고,0,0,1,0,차대사람 - 기타,안전운전불이행,포장 - 건조,맑음,단일로 - 기타,승용,여,50세,상해없음,보행자,여,9세,경상
2021030500100512,2021년 3월 5일 20시,금요일,부산광역시 사하구 감천동,중상사고,0,1,0,0,차대사람 - 차도통행중,중앙선침범,포장 - 건조,맑음,단일로 - 기타,승용,남,40세,상해없음,보행자,남,80세,중상
2021030600100030,2021년 3월 6일 03시,토요일,부산광역시 서구 충무동1가,경상사고,0,0,1,0,차대사람 - 길가장자리구역통행중,안전운전불이행,포장 - 건조,맑음,단일로 - 기타,원동기,남,22세,상해없음,보행자,여,48세,경상
2021030600100047,2021년 3월 6일 06시,토요일,부산광역시 북구 화명동,중상사고,0,1,0,0,차대사람 - 차도통행중,안전운전불이행,포장 - 건조,맑음,단일로 - 기타,승용,여,52세,상해없음,보행자,여,79세,중상
2021030600100257,2021년 3월 6일 15시,토요일,부산광역시 수영구 광안동,중상사고,0,1,0,0,차대사람 - 횡단중,안전운전불이행,포장 - 건조,맑음,교차로 - 교차로안,승용,여,40세,상해없음,보행자,여,76세,중상
2021030600100314,2021년 3월 6일 17시,토요일,부산광역시 동래구 안락동,중상사고,0,1,0,0,차대사람 - 기타,안전운전불이행,포장 - 건조,흐림,단일로 - 기타,승용,여,42세,상해없음,보행자,남,51세,중상
2021030600100434,2021년 3월 6일 21시,토요일,부산광역시 부산진구 부전동,중상사고,0,1,0,0,차대사람 - 횡단중,신호위반,포장 - 건조,기타,교차로 - 교차로횡단보도내,승용,남,58세,상해없음,보행자,여,47세,중상
2021030700100011,2021년 3월 7일 01시,일요일,부산광역시 부산진구 부전동,경상사고,0,0,1,0,차대사람 - 기타,안전운전불이행,포장 - 건조,맑음,단일로 - 기타,승용,남,28세,상해없음,보행자,남,30세,경상
2021030700100043,2021년 3월 7일 08시,일요일,부산광역시 동래구 칠산동,경상사고,0,0,1,0,차대사람 - 차도통행중,불법유턴,포장 - 건조,맑음,교차로 - 교차로부근,화물,남,64세,상해없음,보행자,여,62세,경상
2021030700100147,2021년 3월 7일 14시,일요일,부산광역시 연제구 연산동,경상사고,0,0,1,0,차대사람 - 기타,불법유턴,포장 - 건조,맑음,주차장 - 주차장,승용,남,51세,상해없음,보행자,여,22세,경상
2021030800100027,2021년 3월 8일 06시,월요일,부산광역시 금정구 두구동,경상사고,0,0,1,0,차대사람 - 횡단중,안전운전불이행,포장 - 젖음/습기,흐림,교차로 - 교차로부근,승용,남,37세,상해없음,보행자,남,75세,경상
2021030800100045,2021년 3월 8일 07시,월요일,부산광역시 동래구 사직동,경상사고,0,0,1,0,차대사람 - 기타,안전운전불이행,포장 - 건조,맑음,교차로 - 교차로안,승용,여,48세,상해없음,보행자,여,81세,경상
2021030800100078,2021년 3월 8일 08시,월요일,부산광역시 해운대구 우동,중상사고,0,1,0,0,차대사람 - 횡단중,안전운전불이행,포장 - 건조,맑음,단일로 - 기타,승용,여,47세,상해없음,보행자,여,16세,중상
2021030800100170,2021년 3월 8일 10시,월요일,부산광역시 연제구 거제동,경상사고,0,0,1,0,차대사람 - 횡단중,안전운전불이행,포장 - 건조,맑음,교차로 - 교차로안,승용,남,36세,상해없음,보행자,남,48세,경상
2021030800100194,2021년 3월 8일 11시,월요일,부산광역시 북구 구포동,경상사고,0,0,1,0,차대사람 - 횡단중,신호위반,포장 - 건조,맑음,교차로 - 교차로횡단보도내,이륜,남,25세,상해없음,보행자,남,74세,경상
2021030800100220,2021년 3월 8일 12시,월요일,부산광역시 부산진구 범전동,중상사고,0,1,0,0,차대사람 - 횡단중,신호위반,포장 - 건조,맑음,단일로 - 기타,승용,여,57세,상해없음,보행자,여,50세,중상
2021030800100308,2021년 3월 8일 15시,월요일,부산광역시 해운대구 중동,경상사고,0,0,1,0,차대사람 - 횡단중,안전운전불이행,포장 - 건조,맑음,단일로 - 기타,승용,여,60세,상해없음,보행자,남,36세,경상
2021030800100469,2021년 3월 8일 19시,월요일,부산광역시 서구 토성동1가,경상사고,0,0,1,0,차대사람 - 차도통행중,중앙선침범,포장 - 건조,맑음,기타 - 기타,화물,남,47세,상해없음,보행자,남,64세,경상
2021030800100548,2021년 3월 8일 21시,월요일,부산광역시 서구 아미동2가,경상사고,0,0,1,0,차대사람 - 차도통행중,안전운전불이행,포장 - 건조,맑음,교차로 - 교차로안,승용,남,25세,상해없음,보행자,남,73세,경상
2021030800100571,2021년 3월 8일 22시,월요일,부산광역시 금정구 장전동,경상사고,0,0,1,0,차대사람 - 보도통행중,기타,포장 - 건조,맑음,기타 - 기타,개인형이동수단(PM),남,18세,상해없음,보행자,여,27세,경상
2021030900100024,2021년 3월 9일 05시,화요일,부산광역시 연제구 연산동,경상사고,0,0,1,0,차대사람 - 횡단중,보행자보호의무위반,포장 - 건조,맑음,교차로 - 교차로부근,승합,남,44세,상해없음,보행자,여,63세,경상
2021030900100047,2021년 3월 9일 07시,화요일,부산광역시 부산진구 개금동,중상사고,0,1,0,0,차대사람 - 횡단중,안전운전불이행,포장 - 건조,맑음,교차로 - 교차로부근,화물,남,41세,상해없음,보행자,여,68세,중상
2021030900100067,2021년 3월 9일 08시,화요일,부산광역시 부산진구 양정동,중상사고,0,1,0,0,차대사람 - 기타,안전운전불이행,포장 - 건조,맑음,단일로 - 기타,승용,남,42세,상해없음,보행자,여,68세,중상
2021030900100114,2021년 3월 9일 10시,화요일,부산광역시 서구 서대신동2가,중상사고,0,1,0,0,차대사람 - 횡단중,안전운전불이행,포장 - 건조,맑음,교차로 - 교차로부근,승용,여,48세,상해없음,보행자,여,74세,중상
2021030900100115,2021년 3월 9일 10시,화요일,부산광역시 사상구 삼락동,중상사고,0,1,0,0,차대사람 - 기타,안전운전불이행,포장 - 건조,맑음,단일로 - 기타,화물,남,30세,상해없음,보행자,여,90세,중상
2021030900100177,2021년 3월 9일 12시,화요일,부산광역시 중구 창선동1가,경상사고,0,0,1,0,차대사람 - 기타,안전운전불이행,포장 - 건조,맑음,교차로 - 교차로부근,승용,남,65세,상해없음,보행자,여,52세,경상
2021030900100240,2021년 3월 9일 14시,화요일,부산광역시 수영구 광안동,중상사고,0,1,0,0,차대사람 - 횡단중,보행자보호의무위반,포장 - 건조,맑음,교차로 - 교차로횡단보도내,화물,남,51세,상해없음,보행자,여,57세,중상
2021030900100296,2021년 3월 9일 16시,화요일,부산광역시 동래구 낙민동,경상사고,0,0,1,0,차대사람 - 횡단중,보행자보호의무위반,포장 - 건조,맑음,교차로 - 교차로안,원동기,남,24세,상해없음,보행자,여,21세,경상
2021030900100330,2021년 3월 9일 17시,화요일,부산광역시 금정구 구서동,중상사고,0,1,2,0,차대사람 - 기타,안전운전불이행,포장 - 건조,맑음,단일로 - 기타,승합,남,56세,상해없음,보행자,여,55세,중상
2021030900100369,2021년 3월 9일 18시,화요일,부산광역시 부산진구 범천동,경상사고,0,0,1,0,차대사람 - 기타,안전운전불이행,포장 - 건조,맑음,단일로 - 기타,이륜,남,79세,기타불명,보행자,여,81세,경상
2021030900100507,2021년 3월 9일 23시,화요일,부산광역시 동래구 온천동,사망사고,1,0,0,0,차대사람 - 기타,안전운전불이행,포장 - 건조,맑음,단일로 - 기타,승용,남,44세,상해없음,보행자,남,60세,사망
2021031000100029,2021년 3월 10일 05시,수요일,부산광역시 연제구 연산동,경상사고,0,0,1,0,차대사람 - 횡단중,안전운전불이행,포장 - 건조,맑음,교차로 - 교차로안,승용,남,61세,상해없음,보행자,남,42세,경상
2021031000100075,2021년 3월 10일 08시,수요일,부산광역시 해운대구 반여동,부상신고사고,0,0,0,1,차대사람 - 기타,안전운전불이행,포장 - 건조,맑음,교차로 - 교차로횡단보도내,화물,남,60세,상해없음,보행자,남,12세,부상신고
2021031000100139,2021년 3월 10일 10시,수요일,부산광역시 부산진구 당감동,경상사고,0,0,1,0,차대사람 - 횡단중,보행자보호의무위반,포장 - 건조,맑음,기타 - 기타,화물,남,54세,상해없음,보행자,남,66세,경상
2021031000100266,2021년 3월 10일 14시,수요일,부산광역시 수영구 수영동,중상사고,0,1,0,0,차대사람 - 기타,안전운전불이행,포장 - 건조,맑음,교차로 - 교차로안,승용,남,26세,상해없음,보행자,남,47세,중상
2021031000100385,2021년 3월 10일 17시,수요일,부산광역시 영도구 동삼동,중상사고,0,1,0,0,차대사람 - 기타,보행자보호의무위반,포장 - 건조,맑음,교차로 - 교차로부근,이륜,남,21세,상해없음,보행자,여,62세,중상
2021031000100388,2021년 3월 10일 17시,수요일,부산광역시 사하구 장림동,경상사고,0,0,1,0,차대사람 - 횡단중,안전운전불이행,포장 - 건조,맑음,교차로 - 교차로안,화물,남,52세,상해없음,보행자,남,67세,경상
2021031000100389,2021년 3월 10일 17시,수요일,부산광역시 연제구 연산동,경상사고,0,0,1,0,차대사람 - 횡단중,보행자보호의무위반,포장 - 건조,맑음,교차로 - 교차로횡단보도내,화물,남,46세,상해없음,보행자,여,42세,경상
2021031000100426,2021년 3월 10일 18시,수요일,부산광역시 금정구 부곡동,중상사고,0,1,0,0,차대사람 - 횡단중,안전운전불이행,포장 - 건조,맑음,단일로 - 기타,승용,여,48세,상해없음,보행자,여,63세,중상
2021031000100466,2021년 3월 10일 19시,수요일,부산광역시 금정구 서동,중상사고,0,1,0,0,차대사람 - 차도통행중,안전운전불이행,포장 - 건조,맑음,단일로 - 기타,원동기,남,18세,상해없음,보행자,남,59세,중상
2021031100100157,2021년 3월 11일 11시,목요일,부산광역시 해운대구 우동,경상사고,0,0,1,0,차대사람 - 차도통행중,안전운전불이행,포장 - 건조,맑음,단일로 - 기타,자전거,여,43세,상해없음,보행자,여,75세,경상
2021031100100188,2021년 3월 11일 12시,목요일,부산광역시 금정구 장전동,경상사고,0,0,1,0,차대사람 - 기타,보행자보호의무위반,포장 - 건조,맑음,교차로 - 교차로횡단보도내,승용,남,35세,상해없음,보행자,여,68세,경상
2021031100100269,2021년 3월 11일 15시,목요일,부산광역시 동래구 사직동,중상사고,0,1,0,0,차대사람 - 횡단중,보행자보호의무위반,포장 - 건조,맑음,단일로 - 기타,원동기,남,73세,상해없음,보행자,여,84세,중상
2021031100100271,2021년 3월 11일 15시,목요일,부산광역시 연제구 거제동,중상사고,0,2,0,0,차대사람 - 기타,안전운전불이행,포장 - 건조,맑음,단일로 - 기타,승용,여,49세,기타불명,보행자,남,78세,중상
2021031100100310,2021년 3월 11일 16시,목요일,부산광역시 중구 남포동6가,경상사고,0,0,1,0,차대사람 - 차도통행중,안전운전불이행,포장 - 건조,맑음,단일로 - 기타,승용,남,67세,상해없음,보행자,남,59세,경상