사고번호,사고일시,요일,시군구,사고내용,사망자수,중상자수,경상자수,부상신고자수,사고유형,법규위반,노면상태,기상상태,도로형태,가해운전자 차종,가해운전자 성별,가해운전자 연령,가해운전자 상해정도,피해운전자 차종,피해운전자 성별,피해운전자 연령,피해운전자 상해정도
2021040500100644,2021년 4월 5일 22시,월요일,부산광역시 남구 대연동,중상사고,0,1,0,0,차대사람 - 횡단중,보행자보호의무위반,포장 - 건조,맑음,단일로 - 기타,승용,여,49세,상해없음,보행자,여,30세,중상
2021040600100077,2021년 4월 6일 08시,화요일,부산광역시 수영구 망미동,중상사고,0,1,0,0,차대사람 - 횡단중,보행자보호의무위반,포장 - 건조,맑음,단일로 - 기타,자전거,남,57세,상해없음,보행자,남,12세,중상
2021040600100164,2021년 4월 6일 11시,화요일,부산광역시 부산진구 부전동,경상사고,0,0,1,0,차대사람 - 횡단중,보행자보호의무위반,포장 - 건조,맑음,단일로 - 기타,승용,남,56세,상해없음,보행자,남,60세,경상
2021040600100195,2021년 4월 6일 12시,화요일,부산광역시 금정구 서동,중상사고,0,1,0,0,차대사람 - 기타,안전운전불이행,포장 - 건조,맑음,교차로 - 교차로안,승합,남,49세,상해없음,보행자,남,65세,중상
2021040600100292,2021년 4월 6일 15시,화요일,부산광역시 중구 남포동6가,경상사고,0,0,1,0,차대사람 - 차도통행중,안전운전불이행,포장 - 건조,맑음,단일로 - 기타,승용,남,54세,상해없음,보행자,남,38세,경상
2021040600100293,2021년 4월 6일 15시,화요일,부산광역시 기장군 철마면,중상사고,0,1,0,0,차대사람 - 기타,안전운전불이행,포장 - 건조,맑음,단일로 - 기타,화물,남,32세,상해없음,보행자,남,64세,중상
2021040600100372,2021년 4월 6일 17시,화요일,부산광역시 남구 용호동,중상사고,0,1,0,0,차대사람 - 기타,안전운전불이행,포장 - 건조,맑음,단일로 - 기타,승용,여,40세,상해없음,보행자,여,74세,중상
2021040600100373,2021년 4월 6일 17시,화요일,부산광역시 사상구 감전동,중상사고,0,1,0,0,차대사람 - 기타,안전운전불이행,포장 - 건조,맑음,단일로 - 기타,승용,여,50세,상해없음,보행자,여,54세,중상
2021040600100459,2021년 4월 6일 19시,화요일,부산광역시 해운대구 우동,경상사고,0,0,1,0,차대사람 - 보도통행중,보행자보호의무위반,포장 - 건조,맑음,기타 - 기타,승용,여,49세,상해없음,보행자,여,54세,경상
2021040600100498,2021년 4월 6일 20시,화요일,부산광역시 사상구 엄궁동,경상사고,0,0,1,0,차대사람 - 기타,안전운전불이행,포장 - 건조,맑음,단일로 - 기타,화물,남,54세,기타불명,보행자,남,72세,경상
2021040700100033,2021년 4월 7일 06시,수요일,부산광역시 북구 화명동,중상사고,0,1,0,0,차대사람 - 횡단중,보행자보호의무위반,포장 - 건조,맑음,교차로 - 교차로횡단보도내,승용,여,35세,상해없음,보행자,여,58세,중상
2021040700100046,2021년 4월 7일 07시,수요일,부산광역시 사상구 감전동,경상사고,0,0,1,0,차대사람 - 기타,신호위반,포장 - 건조,맑음,교차로 - 교차로부근,승용,남,47세,상해없음,보행자,남,74세,경상
2021040700100183,2021년 4월 7일 11시,수요일,부산광역시 해운대구 송정동,중상사고,0,1,0,0,차대사람 - 횡단중,안전운전불이행,포장 - 건조,맑음,교차로 - 교차로횡단보도내,승용,여,58세,상해없음,보행자,남,72세,중상
2021040700100272,2021년 4월 7일 14시,수요일,부산광역시 남구 대연동,경상사고,0,0,1,0,차대사람 - 길가장자리구역통행중,안전운전불이행,포장 - 건조,맑음,기타 - 기타,화물,남,67세,상해없음,보행자,남,77세,경상
2021040700100273,2021년 4월 7일 14시,수요일,부산광역시 수영구 광안동,중상사고,0,1,0,0,차대사람 - 기타,안전운전불이행,포장 - 건조,맑음,단일로 - 기타,승용,남,29세,상해없음,보행자,남,23세,중상
2021040700100313,2021년 4월 7일 15시,수요일,부산광역시 동래구 낙민동,경상사고,0,0,1,0,차대사람 - 횡단중,안전운전불이행,포장 - 건조,맑음,교차로 - 교차로안,승용,남,68세,상해없음,보행자,남,74세,경상
2021040700100360,2021년 4월 7일 16시,수요일,부산광역시 연제구 연산동,경상사고,0,0,1,0,차대사람 - 기타,보행자보호의무위반,포장 - 건조,맑음,교차로 - 교차로부근,화물,남,70세,상해없음,보행자,여,56세,경상
2021040700100402,2021년 4월 7일 17시,수요일,부산광역시 부산진구 부전동,중상사고,0,1,0,0,차대사람 - 횡단중,안전운전불이행,포장 - 건조,맑음,단일로 - 기타,승용,남,65세,상해없음,보행자,여,61세,중상
2021040700100635,2021년 4월 7일 23시,수요일,부산광역시 동래구 사직동,경상사고,0,0,1,0,차대사람 - 기타,안전운전불이행,포장 - 건조,맑음,단일로 - 기타,이륜,남,38세,상해없음,보행자,여,20세,경상
2021040800100092,2021년 4월 8일 08시,목요일,부산광역시 기장군 정관읍,경상사고,0,0,1,0,차대사람 - 기타,안전운전불이행,포장 - 건조,맑음,교차로 - 교차로안,승용,남,35세,상해없음,보행자,남,68세,경상
2021040800100201,2021년 4월 8일 11시,목요일,부산광역시 사하구 감천동,경상사고,0,0,1,0,차대사람 - 기타,안전운전불이행,포장 - 건조,맑음,교차로 - 교차로안,승용,남,59세,상해없음,보행자,남,48세,경상
2021040800100297,2021년 4월 8일 14시,목요일,부산광역시 동구 범일동,중상사고,0,1,0,0,차대사람 - 보도통행중,기타,포장 - 건조,맑음,기타 - 기타,승용,여,58세,상해없음,보행자,여,69세,중상
2021040800100372,2021년 4월 8일 16시,목요일,부산광역시 사상구 삼락동,중상사고,0,1,0,0,차대사람 - 보도통행중,기타,포장 - 건조,맑음,교차로 - 교차로부근,자전거,남,47세,상해없음,보행자,여,69세,중상
2021040800100467,2021년 4월 8일 18시,목요일,부산광역시 부산진구 양정동,중상사고,0,1,0,0,차대사람 - 기타,안전운전불이행,포장 - 건조,맑음,단일로 - 기타,승용,여,29세,상해없음,보행자,남,79세,중상
2021040900100151,2021년 4월 9일 10시,금요일,부산광역시 수영구 광안동,경상사고,0,0,1,0,차대사람 - 길가장자리구역통행중,안전운전불이행,포장 - 건조,맑음,기타 - 기타,승용,여,41세,상해없음,보행자,여,36세,경상
2021040900100262,2021년 4월 9일 13시,금요일,부산광역시 강서구 명지동,중상사고,0,1,0,0,차대사람 - 횡단중,안전운전불이행,포장 - 건조,맑음,단일로 - 기타,승용,남,48세,상해없음,보행자,남,38세,중상
2021040900100320,2021년 4월 9일 15시,금요일,부산광역시 남구 용호동,중상사고,0,1,0,0,차대사람 - 길가장자리구역통행중,안전운전불이행,포장 - 건조,맑음,교차로 - 교차로안,화물,남,69세,상해없음,보행자,여,93세,중상
2021040900100321,2021년 4월 9일 15시,금요일,부산광역시 금정구 장전동,경상사고,0,0,1,0,차대사람 - 횡단중,신호위반,포장 - 건조,맑음,교차로 - 교차로횡단보도내,승용,여,38세,상해없음,보행자,남,8세,경상
2021040900100418,2021년 4월 9일 17시,금요일,부산광역시 해운대구 우동,경상사고,0,0,1,0,차대사람 - 보도통행중,안전운전불이행,포장 - 건조,맑음,단일로 - 기타,승용,여,65세,상해없음,보행자,남,76세,경상
2021040900100422,2021년 4월 9일 17시,금요일,부산광역시 강서구 명지동,중상사고,0,1,0,0,차대사람 - 횡단중,신호위반,포장 - 건조,맑음,단일로 - 기타,이륜,남,19세,상해없음,보행자,남,9세,중상
2021040900100553,2021년 4월 9일 20시,금요일,부산광역시 부산진구 개금동,중상사고,0,1,0,0,차대사람 - 횡단중,안전운전불이행,포장 - 건조,맑음,단일로 - 기타,이륜,남,21세,상해없음,보행자,여,78세,중상
2021041000100045,2021년 4월 10일 07시,토요일,부산광역시 동구 초량동,중상사고,0,1,0,0,차대사람 - 횡단중,보행자보호의무위반,포장 - 건조,맑음,교차로 - 교차로횡단보도내,화물,남,69세,상해없음,보행자,여,73세,중상
2021041000100046,2021년 4월 10일 07시,토요일,부산광역시 연제구 연산동,경상사고,0,0,1,0,차대사람 - 차도통행중,안전운전불이행,포장 - 건조,맑음,단일로 - 기타,승용,남,58세,상해없음,보행자,남,80세,경상
2021041000100084,2021년 4월 10일 09시,토요일,부산광역시 동래구 온천동,경상사고,0,0,1,0,차대사람 - 기타,안전운전불이행,포장 - 건조,맑음,단일로 - 기타,승용,남,65세,기타불명,보행자,여,48세,경상
2021041000100366,2021년 4월 10일 16시,토요일,부산광역시 중구 영주동,경상사고,0,0,1,0,차대사람 - 보도통행중,안전운전불이행,포장 - 건조,맑음,단일로 - 지하차도(도로)내,승용,남,45세,상해없음,보행자,남,30세,경상
2021041000100493,2021년 4월 10일 19시,토요일,부산광역시 남구 대연동,중상사고,0,1,0,0,차대사람 - 횡단중,보행자보호의무위반,포장 - 건조,맑음,교차로 - 교차로횡단보도내,승용,남,65세,상해없음,보행자,여,66세,중상
2021041000100581,2021년 4월 10일 22시,토요일,부산광역시 북구 화명동,경상사고,0,0,2,0,차대사람 - 횡단중,보행자보호의무위반,포장 - 건조,맑음,단일로 - 기타,이륜,여,49세,경상,보행자,여,45세,경상
2021041000100582,2021년 4월 10일 22시,토요일,부산광역시 부산진구 부전동,경상사고,0,0,1,0,차대사람 - 기타,안전운전불이행,포장 - 건조,맑음,단일로 - 기타,승용,남,26세,상해없음,보행자,남,27세,경상
2021041100100088,2021년 4월 11일 10시,일요일,부산광역시 수영구 민락동,경상사고,0,0,1,0,차대사람 - 횡단중,신호위반,포장 - 건조,맑음,단일로 - 기타,승용,남,59세,상해없음,보행자,남,8세,경상
2021041100100211,2021년 4월 11일 14시,일요일,부산광역시 서구 서대신동3가,경상사고,0,0,1,0,차대사람 - 보도통행중,보행자보호의무위반,포장 - 건조,맑음,단일로 - 기타,승용,남,52세,상해없음,보행자,남,56세,경상
2021041100100290,2021년 4월 11일 16시,일요일,부산광역시 사하구 다대동,경상사고,0,0,1,0,차대사람 - 횡단중,보행자보호의무위반,포장 - 건조,맑음,교차로 - 교차로횡단보도내,승용,남,42세,상해없음,보행자,남,70세,경상
2021041100100393,2021년 4월 11일 19시,일요일,부산광역시 사하구 괴정동,경상사고,0,0,1,0,차대사람 - 횡단중,보행자보호의무위반,포장 - 건조,맑음,교차로 - 교차로부근,승용,남,55세,상해없음,보행자,여,23세,경상
2021041100100457,2021년 4월 11일 21시,일요일,부산광역시 중구 부평동1가,중상사고,0,1,0,0,차대사람 - 차도통행중,안전운전불이행,포장 - 건조,맑음,교차로 - 교차로부근,승용,남,28세,상해없음,보행자,남,19세,중상
2021041100100458,2021년 4월 11일 21시,일요일,부산광역시 북구 화명동,중상사고,0,1,0,0,차대사람 - 차도통행중,안전운전불이행,포장 - 건조,맑음,교차로 - 교차로부근,승용,남,66세,상해없음,보행자,남,20세,중상
2021041200100165,2021년 4월 12일 11시,월요일,부산광역시 북구 구포동,중상사고,0,2,0,0,차대사람 - 기타,안전운전불이행,포장 - 젖음/습기,맑음,단일로 - 기타,원동기,남,60세,상해없음,보행자,여,65세,중상
2021041200100195,2021년 4월 12일 12시,월요일,부산광역시 수영구 광안동,경상사고,0,0,1,0,차대사람 - 기타,안전운전불이행,포장 - 건조,맑음,단일로 - 기타,승용,여,69세,상해없음,보행자,남,47세,경상
2021041200100227,2021년 4월 12일 13시,월요일,부산광역시 동래구 온천동,중상사고,0,1,0,0,차대사람 - 횡단중,보행자보호의무위반,포장 - 젖음/습기,비,교차로 - 교차로안,승용,남,49세,상해없음,보행자,여,57세,중상
2021041200100258,2021년 4월 12일 14시,월요일,부산광역시 남구 문현동,중상사고,0,1,0,0,차대사람 - 횡단중,보행자보호의무위반,포장 - 건조,맑음,교차로 - 교차로부근,화물,남,64세,상해없음,보행자,여,73세,중상
2021041200100333,2021년 4월 12일 16시,월요일,부산광역시 수영구 수영동,부상신고사고,0,0,0,1,차대사람 - 길가장자리구역통행중,안전운전불이행,포장 - 젖음/습기,비,단일로 - 기타,승용,여,35세,상해없음,보행자,남,67세,부상신고
2021041200100381,2021년 4월 12일 17시,월요일,부산광역시 부산진구 범천동,중상사고,0,1,0,0,차대사람 - 횡단중,중앙선침범,포장 - 젖음/습기,비,교차로 - 교차로부근,승용,여,50세,상해없음,보행자,여,59세,중상
2021041200100457,2021년 4월 12일 19시,월요일,부산광역시 사상구 엄궁동,경상사고,0,0,1,0,차대사람 - 횡단중,안전운전불이행,포장 - 젖음/습기,흐림,교차로 - 교차로부근,승용,남,29세,상해없음,보행자,여,57세,경상
2021041200100514,2021년 4월 12일 20시,월요일,부산광역시 사상구 주례동,경상사고,0,0,1,0,차대사람 - 횡단중,보행자보호의무위반,포장 - 젖음/습기,비,교차로 - 교차로횡단보도내,승용,남,33세,상해없음,보행자,남,61세,경상
2021041200100551,2021년 4월 12일 21시,월요일,부산광역시 연제구 연산동,경상사고,0,0,1,0,차대사람 - 기타,안전운전불이행,포장 - 젖음/습기,비,교차로 - 교차로안,승용,여,43세,상해없음,보행자,남,16세,경상
2021041200100631,2021년 4월 12일 23시,월요일,부산광역시 중구 영주동,중상사고,0,2,0,0,차대사람 - 횡단중,안전운전불이행,포장 - 젖음/습기,비,단일로 - 기타,승용,여,43세,상해없음,보행자,남,51세,중상
2021041300100093,2021년 4월 13일 08시,화요일,부산광역시 해운대구 반송동,경상사고,0,0,1,0,차대사람 - 기타,신호위반,포장 - 건조,맑음,단일로 - 기타,승용,여,39세,기타불명,보행자,남,79세,경상
2021041300100181,2021년 4월 13일 11시,화요일,부산광역시 중구 보수동2가,경상사고,0,0,1,0,차대사람 - 보도통행중,안전운전불이행,포장 - 건조,맑음,단일로 - 기타,이륜,남,59세,상해없음,보행자,여,56세,경상
2021041300100182,2021년 4월 13일 11시,화요일,부산광역시 부산진구 부전동,중상사고,0,1,0,0,차대사람 - 기타,안전운전불이행,포장 - 건조,맑음,단일로 - 기타,승용,남,25세,상해없음,보행자,여,70세,중상
2021041300100183,2021년 4월 13일 11시,화요일,부산광역시 수영구 망미동,경상사고,0,0,1,0,차대사람 - 횡단중,안전운전불이행,포장 - 건조,맑음,단일로 - 기타,화물,남,48세,상해없음,보행자,남,83세,경상
2021041300100346,2021년 4월 13일 16시,화요일,부산광역시 사하구 감천동,경상사고,0,0,1,0,차대사람 - 기타,안전운전불이행,포장 - 건조,맑음,단일로 - 지하차도(도로)내,승용,남,69세,상해없음,보행자,남,9세,경상
2021041300100445,2021년 4월 13일 18시,화요일,부산광역시 부산진구 부전동,경상사고,0,0,1,0,차대사람 - 차도통행중,안전운전불이행,포장 - 건조,맑음,단일로 - 기타,이륜,남,27세,상해없음,보행자,여,26세,경상
2021041300100499,2021년 4월 13일 19시,화요일,부산광역시 해운대구 중동,중상사고,0,1,0,0,차대사람 - 횡단중,보행자보호의무위반,포장 - 건조,맑음,교차로 - 교차로부근,승용,남,67세,상해없음,보행자,여,17세,중상
2021041300100534,2021년 4월 13일 20시,화요일,부산광역시 부산진구 범천동,경상사고,0,0,1,0,차대사람 - 차도통행중,안전운전불이행,포장 - 건조,맑음,단일로 - 기타,이륜,남,50세,상해없음,보행자,남,71세,경상
2021041300100592,2021년 4월 13일 22시,화요일,부산광역시 중구 대청동2가,중상사고,0,1,0,0,차대사람 - 횡단중,안전운전불이행,포장 - 건조,맑음,단일로 - 기타,승용,남,59세,상해없음,보행자,여,51세,중상
2021041300100593,2021년 4월 13일 22시,화요일,부산광역시 수영구 광안동,경상사고,0,0,1,0,차대사람 - 기타,안전운전불이행,포장 - 건조,맑음,단일로 - 기타,승용,남,64세,상해없음,보행자,남,24세,경상
2021041300100594,2021년 4월 13일 22시,화요일,부산광역시 부산진구 부전동,경상사고,0,0,1,0,차대사람 - 차도통행중,안전운전불이행,포장 - 건조,맑음,단일로 - 기타,승용,남,41세,상해없음,보행자,남,53세,경상
2021041400100065,2021년 4월 14일 08시,수요일,부산광역시 사상구 학장동,경상사고,0,0,1,0,차대사람 - 기타,안전운전불이행,포장 - 건조,맑음,교차로 - 교차로부근,화물,남,65세,상해없음,보행자,여,52세,경상
2021041400100176,2021년 4월 14일 12시,수요일,부산광역시 부산진구 양정동,경상사고,0,0,1,0,차대사람 - 차도통행중,안전운전불이행,포장 - 건조,맑음,단일로 - 기타,승용,여,51세,기타불명,보행자,여,21세,경상
2021041400100219,2021년 4월 14일 13시,수요일,부산광역시 부산진구 가야동,경상사고,0,0,1,0,차대사람 - 횡단중,보행자보호의무위반,포장 - 건조,맑음,교차로 - 교차로횡단보도내,승용,남,54세,상해없음,보행자,여,24세,경상
2021041400100220,2021년 4월 14일 13시,수요일,부산광역시 연제구 연산동,경상사고,0,0,1,0,차대사람 - 횡단중,안전운전불이행,포장 - 건조,맑음,기타 - 기타,승용,남,71세,상해없음,보행자,남,6세,경상
2021041400100289,2021년 4월 14일 15시,수요일,부산광역시 남구 문현동,중상사고,0,1,0,0,차대사람 - 기타,신호위반,포장 - 건조,맑음,교차로 - 교차로안,승용,남,46세,상해없음,보행자,남,54세,중상
2021041400100447,2021년 4월 14일 19시,수요일,부산광역시 부산진구 전포동,경상사고,0,0,1,0,차대사람 - 기타,안전운전불이행,포장 - 건조,흐림,단일로 - 기타,승용,남,47세,상해없음,보행자,여,23세,경상
2021041400100448,2021년 4월 14일 19시,수요일,부산광역시 사하구 하단동,경상사고,0,0,1,0,차대사람 - 횡단중,신호위반,포장 - 건조,맑음,단일로 - 기타,승용,여,67세,상해없음,보행자,여,27세,경상
2021041400100485,2021년 4월 14일 20시,수요일,부산광역시 동래구 사직동,중상사고,0,2,0,0,차대사람 - 횡단중,보행자보호의무위반,포장 - 건조,맑음,단일로 - 기타,승용,여,29세,상해없음,보행자,남,52세,중상
2021041400100486,2021년 4월 14일 20시,수요일,부산광역시 금정구 부곡동,경상사고,0,0,1,0,차대사람 - 횡단중,보행자보호의무위반,포장 - 건조,맑음,교차로 - 교차로안,승용,남,40세,상해없음,보행자,여,63세,경상
2021041500100002,2021년 4월 15일 00시,목요일,부산광역시 부산진구 양정동,부상신고사고,0,0,0,1,차대사람 - 기타,안전운전불이행,포장 - 건조,맑음,기타 - 기타,승용,남,26세,상해없음,보행자,남,34세,부상신고
2021041500100071,2021년 4월 15일 08시,목요일,부산광역시 서구 아미동2가,중상사고,0,1,0,0,차대사람 - 횡단중,신호위반,포장 - 건조,맑음,교차로 - 교차로횡단보도내,화물,남,31세,상해없음,보행자,남,86세,중상
2021041500100376,2021년 4월 15일 17시,목요일,부산광역시 북구 만덕동,경상사고,0,0,1,0,차대사람 - 기타,안전운전불이행,포장 - 건조,맑음,단일로 - 기타,승합,남,73세,상해없음,보행자,여,60세,경상
2021041500100523,2021년 4월 15일 20시,목요일,부산광역시 부산진구 부전동,경상사고,0,0,1,0,차대사람 - 기타,안전운전불이행,포장 - 건조,맑음,기타 - 기타,승용,남,27세,상해없음,보행자,여,20세,경상
2021041500100525,2021년 4월 15일 20시,목요일,부산광역시 연제구 연산동,중상사고,0,1,0,0,차대사람 - 기타,안전운전불이행,포장 - 건조,맑음,기타 - 기타,승용,여,38세,상해없음,보행자,남,81세,중상
2021041500100557,2021년 4월 15일 21시,목요일,부산광역시 동래구 안락동,경상사고,0,0,1,0,차대사람 - 횡단중,안전운전불이행,포장 - 건조,맑음,기타 - 기타,승용,여,28세,상해없음,보행자,남,52세,경상
2021041500100592,2021년 4월 15일 22시,목요일,부산광역시 부산진구 전포동,경상사고,0,0,1,0,차대사람 - 기타,보행자보호의무위반,포장 - 건조,맑음,단일로 - 기타,승용,남,64세,상해없음,보행자,여,58세,경상
2021041500100615,2021년 4월 15일 23시,목요일,부산광역시 연제구 연산동,중상사고,0,1,0,0,차대사람 - 횡단중,안전운전불이행,포장 - 건조,맑음,단일로 - 기타,이륜,남,24세,기타불명,보행자,남,63세,중상
2021041600100030,2021년 4월 16일 05시,금요일,부산광역시 서구 동대신동2가,경상사고,0,0,1,0,차대사람 - 길가장자리구역통행중,신호위반,포장 - 건조,맑음,교차로 - 교차로부근,화물,남,64세,상해없음,보행자,여,70세,경상
2021041600100137,2021년 4월 16일 10시,금요일,부산광역시 서구 토성동3가,중상사고,0,1,0,0,차대사람 - 횡단중,중앙선침범,포장 - 건조,맑음,단일로 - 기타,승용,여,61세,상해없음,보행자,남,74세,중상
2021041600100166,2021년 4월 16일 11시,금요일,부산광역시 부산진구 전포동,경상사고,0,0,1,0,차대사람 - 차도통행중,안전운전불이행,포장 - 건조,맑음,단일로 - 기타,승용,여,50세,상해없음,보행자,여,69세,경상
2021041600100190,2021년 4월 16일 12시,금요일,부산광역시 북구 만덕동,중상사고,0,1,0,0,차대사람 - 기타,안전운전불이행,포장 - 건조,맑음,단일로 - 기타,승용,남,70세,상해없음,보행자,여,78세,중상
2021041600100220,2021년 4월 16일 13시,금요일,부산광역시 북구 구포동,중상사고,0,1,0,0,차대사람 - 횡단중,보행자보호의무위반,포장 - 건조,맑음,단일로 - 기타,승용,남,31세,상해없음,보행자,여,69세,중상
2021041600100221,2021년 4월 16일 13시,금요일,부산광역시 영도구 영선동4가,경상사고,0,0,1,0,차대사람 - 횡단중,보행자보호의무위반,포장 - 건조,맑음,단일로 - 기타,이륜,남,47세,상해없음,보행자,남,64세,경상
2021041600100395,2021년 4월 16일 18시,금요일,부산광역시 수영구 광안동,경상사고,0,0,1,0,차대사람 - 길가장자리구역통행중,안전운전불이행,포장 - 건조,맑음,단일로 - 기타,승용,여,33세,상해없음,보행자,남,56세,경상
2021041600100398,2021년 4월 16일 18시,금요일,부산광역시 강서구 신호동,중상사고,0,1,0,0,차대사람 - 횡단중,보행자보호의무위반,포장 - 건조,맑음,교차로 - 교차로횡단보도내,이륜,남,58세,상해없음,보행자,여,78세,중상
2021041600100544,2021년 4월 16일 22시,금요일,부산광역시 수영구 민락동,중상사고,0,2,0,0,차대사람 - 기타,안전운전불이행,포장 - 건조,맑음,교차로 - 교차로부근,승용,남,71세,상해없음,보행자,여,21세,중상
2021041600100545,2021년 4월 16일 22시,금요일,부산광역시 남구 우암동,중상사고,0,1,0,0,차대사람 - 보도통행중,신호위반,포장 - 건조,맑음,단일로 - 기타,이륜,남,22세,상해없음,보행자,여,57세,중상
2021041600100547,2021년 4월 16일 22시,금요일,부산광역시 사상구 덕포동,중상사고,0,1,0,0,차대사람 - 보도통행중,보행자보호의무위반,포장 - 건조,맑음,교차로 - 교차로부근,승용,남,67세,상해없음,보행자,남,68세,중상
2021041700100099,2021년 4월 17일 09시,토요일,부산광역시 동래구 사직동,중상사고,0,1,0,0,차대사람 - 기타,안전운전불이행,포장 - 건조,맑음,단일로 - 기타,자전거,남,13세,상해없음,보행자,남,61세,중상
2021041700100100,2021년 4월 17일 09시,토요일,부산광역시 강서구 명지동,경상사고,0,0,1,0,차대사람 - 기타,안전운전불이행,포장 - 건조,맑음,기타 - 기타,자전거,남,35세,상해없음,보행자,남,66세,경상
2021041700100158,2021년 4월 17일 11시,토요일,부산광역시 동래구 명장동,경상사고,0,0,1,0,차대사람 - 횡단중,보행자보호의무위반,포장 - 건조,맑음,교차로 - 교차로안,화물,남,41세,상해없음,보행자,남,79세,경상
2021041700100160,2021년 4월 17일 11시,토요일,부산광역시 사하구 다대동,경상사고,0,0,1,0,차대사람 - 기타,안전운전불이행,포장 - 건조,맑음,단일로 - 기타,승용,남,56세,상해없음,보행자,남,27세,경상
2021041700100161,2021년 4월 17일 11시,토요일,부산광역시 사하구 감천동,경상사고,0,0,1,0,차대사람 - 기타,안전운전불이행,포장 - 건조,맑음,단일로 - 기타,승용,여,51세,상해없음,보행자,여,18세,경상
2021041700100372,2021년 4월 17일 16시,토요일,부산광역시 북구 화명동,경상사고,0,0,1,0,차대사람 - 기타,안전운전불이행,포장 - 건조,맑음,단일로 - 기타,승용,남,66세,상해없음,보행자,여,48세,경상
2021041700100481,2021년 4월 17일 19시,토요일,부산광역시 동래구 명장동,경상사고,0,0,1,0,차대사람 - 기타,교차로운행방법위반,포장 - 건조,맑음,교차로 - 교차로안,승합,남,52세,상해없음,보행자,여,47세,경상
2021041700100482,2021년 4월 17일 19시,토요일,부산광역시 부산진구 당감동,중상사고,0,1,0,0,차대사람 - 횡단중,안전운전불이행,포장 - 건조,맑음,단일로 - 기타,승용,남,23세,상해없음,보행자,남,49세,중상
2021041700100516,2021년 4월 17일 20시,토요일,부산광역시 사상구 모라동,중상사고,0,1,0,0,차대사람 - 기타,안전운전불이행,포장 - 건조,맑음,기타 - 기타,승용,남,23세,상해없음,보행자,여,85세,중상
2021041700100566,2021년 4월 17일 22시,토요일,부산광역시 해운대구 우동,부상신고사고,0,0,0,1,차대사람 - 기타,안전운전불이행,포장 - 건조,맑음,단일로 - 기타,자전거,기타불명,미분류,기타불명,보행자,여,6세,부상신고
2021041800100036,2021년 4월 18일 05시,일요일,부산광역시 사상구 괘법동,사망사고,1,0,0,0,차대사람 - 횡단중,안전운전불이행,포장 - 건조,맑음,기타 - 기타,승합,남,55세,상해없음,보행자,여,75세,사망
2021041800100263,2021년 4월 18일 17시,일요일,부산광역시 부산진구 범천동,경상사고,0,0,1,0,차대사람 - 기타,안전운전불이행,포장 - 건조,기타,기타 - 기타,승용,남,77세,상해없음,보행자,남,12세,경상
2021041800100264,2021년 4월 18일 17시,일요일,부산광역시 부산진구 부암동,경상사고,0,0,1,0,차대사람 - 기타,안전운전불이행,포장 - 건조,맑음,기타 - 기타,자전거,남,14세,상해없음,보행자,남,47세,경상
2021041800100296,2021년 4월 18일 18시,일요일,부산광역시 부산진구 부전동,중상사고,0,1,0,0,차대사람 - 기타,안전운전불이행,포장 - 건조,맑음,단일로 - 기타,승용,남,24세,상해없음,보행자,남,53세,중상
2021041800100327,2021년 4월 18일 19시,일요일,부산광역시 북구 화명동,중상사고,0,1,0,0,차대사람 - 횡단중,신호위반,포장 - 건조,맑음,교차로 - 교차로횡단보도내,원동기,남,20세,상해없음,보행자,여,61세,중상
2021041900100018,2021년 4월 19일 03시,월요일,부산광역시 해운대구 우동,경상사고,0,0,1,0,차대사람 - 횡단중,보행자보호의무위반,포장 - 건조,맑음,교차로 - 교차로부근,승용,남,72세,상해없음,보행자,남,50세,경상
2021041900100252,2021년 4월 19일 13시,월요일,부산광역시 부산진구 범천동,경상사고,0,0,1,0,차대사람 - 횡단중,보행자보호의무위반,포장 - 건조,맑음,단일로 - 기타,승용,남,38세,상해없음,보행자,남,6세,경상
2021041900100253,2021년 4월 19일 13시,월요일,부산광역시 강서구 명지동,경상사고,0,0,1,0,차대사람 - 횡단중,신호위반,포장 - 건조,맑음,교차로 - 교차로부근,승용,여,66세,상해없음,보행자,여,10세,경상
2021041900100560,2021년 4월 19일 22시,월요일,부산광역시 북구 덕천동,경상사고,0,0,1,0,차대사람 - 길가장자리구역통행중,안전운전불이행,포장 - 건조,맑음,교차로 - 교차로안,화물,남,29세,상해없음,보행자,남,25세,경상
2021042000100045,2021년 4월 20일 07시,화요일,부산광역시 동래구 온천동,중상사고,0,1,0,0,차대사람 - 횡단중,안전운전불이행,포장 - 건조,맑음,교차로 - 교차로안,승용,남,47세,상해없음,보행자,남,79세,중상