사고번호,사고일시,요일,시군구,사고내용,사망자수,중상자수,경상자수,부상신고자수,사고유형,법규위반,노면상태,기상상태,도로형태,가해운전자 차종,가해운전자 성별,가해운전자 연령,가해운전자 상해정도,피해운전자 차종,피해운전자 성별,피해운전자 연령,피해운전자 상해정도
2021121600100057,2021년 12월 16일 07시,목요일,부산광역시 연제구 연산동,경상사고,0,0,1,0,차대사람 - 기타,안전운전불이행,포장 - 건조,맑음,단일로 - 기타,승용,남,29세,상해없음,보행자,여,43세,경상
2021121600100113,2021년 12월 16일 09시,목요일,부산광역시 해운대구 재송동,중상사고,0,1,0,0,차대사람 - 기타,안전운전불이행,포장 - 젖음/습기,흐림,단일로 - 기타,기타불명,기타불명,미분류,기타불명,보행자,여,69세,중상
2021121600100278,2021년 12월 16일 15시,목요일,부산광역시 사상구 엄궁동,경상사고,0,0,1,0,차대사람 - 기타,안전운전불이행,포장 - 건조,맑음,단일로 - 기타,승용,여,43세,상해없음,보행자,남,54세,경상
2021121600100332,2021년 12월 16일 17시,목요일,부산광역시 부산진구 부전동,중상사고,0,1,0,0,차대사람 - 기타,안전운전불이행,포장 - 건조,맑음,단일로 - 기타,승용,남,57세,상해없음,보행자,남,62세,중상
2021121600100452,2021년 12월 16일 20시,목요일,부산광역시 남구 대연동,중상사고,0,1,0,0,차대사람 - 길가장자리구역통행중,중앙선침범,포장 - 건조,맑음,단일로 - 기타,승용,남,67세,상해없음,보행자,남,74세,중상
2021121700100044,2021년 12월 17일 05시,금요일,부산광역시 서구 서대신동1가,중상사고,0,1,0,0,차대사람 - 횡단중,신호위반,포장 - 건조,맑음,단일로 - 기타,승용,남,65세,상해없음,보행자,남,58세,중상
2021121700100093,2021년 12월 17일 08시,금요일,부산광역시 중구 대청동1가,중상사고,0,1,0,0,차대사람 - 횡단중,신호위반,포장 - 건조,맑음,교차로 - 교차로횡단보도내,화물,남,68세,상해없음,보행자,여,50세,중상
2021121700100175,2021년 12월 17일 11시,금요일,부산광역시 부산진구 전포동,중상사고,0,1,0,1,차대사람 - 횡단중,안전운전불이행,포장 - 건조,기타,단일로 - 기타,이륜,남,66세,부상신고,보행자,여,64세,중상
2021121700100216,2021년 12월 17일 12시,금요일,부산광역시 사상구 엄궁동,중상사고,0,1,0,0,차대사람 - 차도통행중,안전운전불이행,포장 - 건조,맑음,단일로 - 지하차도(도로)내,승용,남,39세,상해없음,보행자,남,47세,중상
2021121700100311,2021년 12월 17일 15시,금요일,부산광역시 동래구 사직동,경상사고,0,0,1,0,차대사람 - 차도통행중,안전운전불이행,포장 - 건조,맑음,단일로 - 기타,승용,여,36세,상해없음,보행자,여,69세,경상
2021121700100315,2021년 12월 17일 15시,금요일,부산광역시 기장군 정관읍,경상사고,0,0,1,0,차대사람 - 횡단중,안전운전불이행,포장 - 건조,맑음,교차로 - 교차로안,이륜,남,43세,상해없음,보행자,여,7세,경상
2021121700100360,2021년 12월 17일 16시,금요일,부산광역시 해운대구 좌동,중상사고,0,1,0,0,차대사람 - 횡단중,안전운전불이행,포장 - 건조,맑음,단일로 - 기타,원동기,남,22세,상해없음,보행자,여,29세,중상
2021121700100467,2021년 12월 17일 18시,금요일,부산광역시 수영구 광안동,부상신고사고,0,0,0,1,차대사람 - 차도통행중,안전운전불이행,포장 - 건조,맑음,교차로 - 교차로안,승용,남,43세,상해없음,보행자,남,56세,부상신고
2021121700100469,2021년 12월 17일 18시,금요일,부산광역시 동래구 명장동,경상사고,0,0,1,0,차대사람 - 기타,안전운전불이행,포장 - 건조,맑음,교차로 - 교차로안,화물,남,36세,상해없음,보행자,남,34세,경상
2021121700100471,2021년 12월 17일 18시,금요일,부산광역시 사하구 하단동,중상사고,0,1,0,0,차대사람 - 횡단중,신호위반,포장 - 건조,맑음,교차로 - 교차로안,승용,여,63세,상해없음,보행자,여,79세,중상
2021121800100099,2021년 12월 18일 08시,토요일,부산광역시 연제구 연산동,중상사고,0,1,0,0,차대사람 - 기타,보행자보호의무위반,포장 - 건조,맑음,단일로 - 기타,승용,남,62세,상해없음,보행자,여,46세,중상
2021121800100139,2021년 12월 18일 10시,토요일,부산광역시 동래구 명륜동,경상사고,0,0,1,0,차대사람 - 기타,안전운전불이행,포장 - 건조,맑음,단일로 - 기타,승용,여,51세,상해없음,보행자,남,63세,경상
2021121800100223,2021년 12월 18일 13시,토요일,부산광역시 금정구 서동,경상사고,0,0,1,0,차대사람 - 횡단중,보행자보호의무위반,포장 - 건조,맑음,교차로 - 교차로부근,화물,남,57세,상해없음,보행자,남,43세,경상
2021121800100314,2021년 12월 18일 15시,토요일,부산광역시 남구 대연동,중상사고,0,1,0,0,차대사람 - 횡단중,보행자보호의무위반,포장 - 건조,맑음,단일로 - 기타,화물,남,47세,상해없음,보행자,남,77세,중상
2021121800100315,2021년 12월 18일 15시,토요일,부산광역시 해운대구 우동,경상사고,0,0,1,0,차대사람 - 횡단중,신호위반,포장 - 건조,맑음,단일로 - 기타,승합,남,53세,상해없음,보행자,여,25세,경상
2021121800100368,2021년 12월 18일 16시,토요일,부산광역시 부산진구 전포동,경상사고,0,0,1,0,차대사람 - 기타,안전운전불이행,포장 - 건조,맑음,교차로 - 교차로부근,승용,남,45세,상해없음,보행자,남,40세,경상
2021121800100455,2021년 12월 18일 18시,토요일,부산광역시 사상구 학장동,경상사고,0,0,1,0,차대사람 - 횡단중,보행자보호의무위반,포장 - 건조,맑음,단일로 - 기타,화물,남,45세,상해없음,보행자,여,62세,경상
2021121800100560,2021년 12월 18일 21시,토요일,부산광역시 사상구 괘법동,중상사고,0,1,1,0,차대사람 - 횡단중,보행자보호의무위반,포장 - 건조,맑음,단일로 - 기타,승용,여,46세,상해없음,보행자,여,50세,중상
2021121900100056,2021년 12월 19일 09시,일요일,부산광역시 사하구 하단동,중상사고,0,1,0,0,차대사람 - 기타,안전운전불이행,포장 - 건조,맑음,교차로 - 교차로횡단보도내,승합,남,46세,상해없음,보행자,여,80세,중상
2021121900100298,2021년 12월 19일 20시,일요일,부산광역시 중구 영주동,경상사고,0,0,1,0,차대사람 - 횡단중,보행자보호의무위반,포장 - 건조,맑음,단일로 - 기타,이륜,남,54세,상해없음,보행자,여,25세,경상
2021121900100300,2021년 12월 19일 20시,일요일,부산광역시 북구 구포동,경상사고,0,0,1,0,차대사람 - 기타,안전운전불이행,포장 - 건조,맑음,기타 - 기타,승용,남,52세,상해없음,보행자,남,66세,경상
2021122000100040,2021년 12월 20일 07시,월요일,부산광역시 금정구 금사동,중상사고,0,1,0,0,차대사람 - 차도통행중,안전운전불이행,포장 - 건조,맑음,교차로 - 교차로안,화물,남,42세,상해없음,보행자,남,67세,중상
2021122000100061,2021년 12월 20일 08시,월요일,부산광역시 강서구 대저1동,중상사고,0,1,0,0,차대사람 - 횡단중,안전운전불이행,포장 - 건조,맑음,교차로 - 교차로부근,화물,남,32세,상해없음,보행자,남,37세,중상
2021122000100151,2021년 12월 20일 11시,월요일,부산광역시 동래구 온천동,경상사고,0,0,1,0,차대사람 - 횡단중,보행자보호의무위반,포장 - 건조,맑음,교차로 - 교차로안,승용,남,59세,상해없음,보행자,여,56세,경상
2021122000100154,2021년 12월 20일 11시,월요일,부산광역시 부산진구 부전동,중상사고,0,1,0,0,차대사람 - 기타,안전운전불이행,포장 - 건조,맑음,단일로 - 기타,승용,여,30세,상해없음,보행자,여,81세,중상
2021122000100155,2021년 12월 20일 11시,월요일,부산광역시 연제구 연산동,경상사고,0,0,1,0,차대사람 - 기타,보행자보호의무위반,포장 - 건조,맑음,교차로 - 교차로횡단보도내,승용,여,61세,상해없음,보행자,여,33세,경상
2021122000100227,2021년 12월 20일 13시,월요일,부산광역시 부산진구 부전동,경상사고,0,0,1,0,차대사람 - 횡단중,안전운전불이행,포장 - 건조,맑음,단일로 - 기타,승용,남,28세,상해없음,보행자,여,21세,경상
2021122000100257,2021년 12월 20일 14시,월요일,부산광역시 금정구 서동,중상사고,0,1,0,0,차대사람 - 기타,안전운전불이행,포장 - 건조,맑음,기타 - 기타,승용,여,60세,상해없음,보행자,남,69세,중상
2021122000100341,2021년 12월 20일 16시,월요일,부산광역시 서구 부용동1가,경상사고,0,0,1,0,차대사람 - 보도통행중,신호위반,포장 - 건조,맑음,교차로 - 교차로부근,원동기,남,65세,상해없음,보행자,여,20세,경상
2021122000100343,2021년 12월 20일 16시,월요일,부산광역시 기장군 철마면,경상사고,0,0,1,0,차대사람 - 기타,안전운전불이행,포장 - 건조,맑음,교차로 - 교차로안,화물,남,74세,상해없음,보행자,여,57세,경상
2021122000100383,2021년 12월 20일 17시,월요일,부산광역시 수영구 광안동,중상사고,0,1,0,0,차대사람 - 기타,안전운전불이행,포장 - 건조,맑음,단일로 - 기타,승용,남,51세,상해없음,보행자,남,9세,중상
2021122000100508,2021년 12월 20일 19시,월요일,부산광역시 금정구 장전동,중상사고,0,1,0,0,차대사람 - 차도통행중,안전운전불이행,포장 - 건조,맑음,단일로 - 기타,승용,여,57세,상해없음,보행자,여,30세,중상
2021122000100509,2021년 12월 20일 19시,월요일,부산광역시 사하구 하단동,경상사고,0,0,1,0,차대사람 - 차도통행중,안전운전불이행,포장 - 건조,맑음,단일로 - 기타,승용,남,62세,상해없음,보행자,남,63세,경상
2021122000100630,2021년 12월 20일 23시,월요일,부산광역시 북구 덕천동,경상사고,0,0,1,0,차대사람 - 기타,안전운전불이행,포장 - 건조,맑음,교차로 - 교차로안,화물,남,65세,상해없음,보행자,남,58세,경상
2021122100100023,2021년 12월 21일 06시,화요일,부산광역시 북구 덕천동,중상사고,0,1,0,0,차대사람 - 기타,안전운전불이행,포장 - 건조,맑음,단일로 - 기타,승용,남,54세,상해없음,보행자,여,31세,중상
2021122100100081,2021년 12월 21일 08시,화요일,부산광역시 연제구 연산동,경상사고,0,0,1,0,차대사람 - 횡단중,신호위반,포장 - 건조,맑음,단일로 - 기타,승용,여,32세,상해없음,보행자,여,50세,경상
2021122100100138,2021년 12월 21일 10시,화요일,부산광역시 부산진구 부전동,중상사고,0,1,0,0,차대사람 - 기타,안전운전불이행,포장 - 건조,맑음,단일로 - 기타,화물,남,72세,상해없음,보행자,여,62세,중상
2021122100100169,2021년 12월 21일 11시,화요일,부산광역시 동래구 온천동,경상사고,0,0,1,0,차대사람 - 횡단중,보행자보호의무위반,포장 - 건조,맑음,교차로 - 교차로안,승용,남,81세,상해없음,보행자,남,37세,경상
2021122100100218,2021년 12월 21일 13시,화요일,부산광역시 서구 충무동3가,중상사고,0,1,0,0,차대사람 - 기타,안전운전불이행,포장 - 건조,맑음,교차로 - 교차로안,승용,남,75세,상해없음,보행자,남,86세,중상
2021122100100438,2021년 12월 21일 19시,화요일,부산광역시 해운대구 재송동,경상사고,0,0,1,0,차대사람 - 기타,안전운전불이행,포장 - 건조,맑음,단일로 - 기타,승용,남,56세,상해없음,보행자,여,32세,경상
2021122200100017,2021년 12월 22일 06시,수요일,부산광역시 사상구 학장동,중상사고,0,1,0,0,차대사람 - 보도통행중,보행자보호의무위반,포장 - 건조,맑음,교차로 - 교차로횡단보도내,승용,남,62세,상해없음,보행자,남,44세,중상
2021122200100037,2021년 12월 22일 07시,수요일,부산광역시 해운대구 반송동,중상사고,0,1,0,0,차대사람 - 횡단중,안전운전불이행,포장 - 건조,맑음,단일로 - 기타,화물,남,76세,상해없음,보행자,남,71세,중상
2021122200100235,2021년 12월 22일 13시,수요일,부산광역시 수영구 수영동,사망사고,2,0,0,0,차대사람 - 기타,과속,포장 - 건조,맑음,교차로 - 교차로안,승용,남,82세,상해없음,보행자,여,59세,사망
2021122200100307,2021년 12월 22일 15시,수요일,부산광역시 북구 만덕동,부상신고사고,0,0,0,2,차대사람 - 기타,안전운전불이행,포장 - 건조,맑음,교차로 - 교차로안,화물,여,57세,상해없음,보행자,여,40세,부상신고
2021122200100348,2021년 12월 22일 16시,수요일,부산광역시 부산진구 범천동,경상사고,0,0,1,0,차대사람 - 기타,안전운전불이행,포장 - 건조,맑음,기타 - 기타,승용,남,58세,상해없음,보행자,남,10세,경상
2021122200100389,2021년 12월 22일 17시,수요일,부산광역시 동래구 수안동,경상사고,0,0,1,0,차대사람 - 횡단중,안전운전불이행,포장 - 건조,맑음,교차로 - 교차로안,이륜,남,49세,상해없음,보행자,남,60세,경상
2021122200100493,2021년 12월 22일 19시,수요일,부산광역시 서구 암남동,중상사고,0,1,0,0,차대사람 - 횡단중,신호위반,포장 - 건조,맑음,단일로 - 기타,이륜,남,59세,상해없음,보행자,여,76세,중상
2021122300100045,2021년 12월 23일 07시,목요일,부산광역시 금정구 회동동,경상사고,0,0,1,0,차대사람 - 횡단중,보행자보호의무위반,포장 - 건조,맑음,단일로 - 기타,승합,남,56세,상해없음,보행자,남,48세,경상
2021122300100155,2021년 12월 23일 11시,목요일,부산광역시 동구 수정동,중상사고,0,1,0,0,차대사람 - 차도통행중,안전운전불이행,포장 - 건조,맑음,단일로 - 기타,승용,남,53세,상해없음,보행자,남,70세,중상
2021122300100187,2021년 12월 23일 12시,목요일,부산광역시 사상구 괘법동,중상사고,0,1,0,0,차대사람 - 길가장자리구역통행중,안전운전불이행,포장 - 건조,맑음,단일로 - 기타,승용,남,66세,상해없음,보행자,여,82세,중상
2021122300100279,2021년 12월 23일 15시,목요일,부산광역시 북구 만덕동,중상사고,0,1,0,0,차대사람 - 기타,안전운전불이행,포장 - 건조,맑음,단일로 - 지하차도(도로)내,이륜,남,24세,상해없음,보행자,여,9세,중상
2021122300100280,2021년 12월 23일 15시,목요일,부산광역시 부산진구 범천동,부상신고사고,0,0,0,1,차대사람 - 기타,안전운전불이행,포장 - 건조,맑음,단일로 - 교량,화물,남,35세,상해없음,보행자,여,58세,부상신고
2021122300100490,2021년 12월 23일 20시,목요일,부산광역시 동래구 온천동,중상사고,0,1,0,0,차대사람 - 차도통행중,안전운전불이행,포장 - 건조,맑음,단일로 - 기타,승용,여,33세,상해없음,보행자,여,21세,중상
2021122400100131,2021년 12월 24일 10시,금요일,부산광역시 해운대구 우동,부상신고사고,0,0,0,1,차대사람 - 기타,안전운전불이행,포장 - 건조,맑음,단일로 - 기타,승합,남,79세,상해없음,보행자,남,28세,부상신고
2021122400100270,2021년 12월 24일 15시,금요일,부산광역시 서구 부민동3가,중상사고,0,1,0,0,차대사람 - 기타,안전운전불이행,포장 - 건조,맑음,단일로 - 기타,승용,남,57세,상해없음,보행자,여,63세,중상
2021122400100271,2021년 12월 24일 15시,금요일,부산광역시 수영구 광안동,경상사고,0,0,1,0,차대사람 - 기타,보행자보호의무위반,포장 - 건조,맑음,기타 - 기타,이륜,남,36세,상해없음,보행자,남,72세,경상
2021122400100347,2021년 12월 24일 17시,금요일,부산광역시 동래구 낙민동,중상사고,0,1,0,0,차대사람 - 횡단중,보행자보호의무위반,포장 - 건조,맑음,단일로 - 기타,승용,남,67세,상해없음,보행자,남,8세,중상
2021122400100401,2021년 12월 24일 18시,금요일,부산광역시 사하구 괴정동,중상사고,0,1,0,0,차대사람 - 차도통행중,안전운전불이행,포장 - 건조,맑음,단일로 - 기타,이륜,남,18세,기타불명,보행자,남,59세,중상
2021122400100564,2021년 12월 24일 21시,금요일,부산광역시 영도구 청학동,중상사고,0,1,0,0,차대사람 - 횡단중,보행자보호의무위반,포장 - 건조,맑음,단일로 - 기타,화물,남,36세,상해없음,보행자,남,66세,중상
2021122400100565,2021년 12월 24일 21시,금요일,부산광역시 부산진구 부전동,경상사고,0,0,3,0,차대사람 - 횡단중,안전운전불이행,포장 - 건조,맑음,교차로 - 교차로부근,이륜,남,18세,상해없음,보행자,남,22세,경상
2021122400100608,2021년 12월 24일 22시,금요일,부산광역시 부산진구 범천동,중상사고,0,1,0,0,차대사람 - 기타,안전운전불이행,포장 - 건조,맑음,단일로 - 기타,승용,여,47세,상해없음,보행자,여,76세,중상
2021122400100633,2021년 12월 24일 23시,금요일,부산광역시 북구 구포동,중상사고,0,1,0,0,차대사람 - 기타,안전운전불이행,포장 - 건조,맑음,단일로 - 지하차도(도로)내,이륜,남,52세,상해없음,보행자,여,64세,중상
2021122600100073,2021년 12월 26일 12시,일요일,부산광역시 남구 용호동,경상사고,0,0,1,0,차대사람 - 보도통행중,보행자보호의무위반,포장 - 건조,맑음,교차로 - 교차로횡단보도내,승용,남,73세,상해없음,보행자,남,29세,경상
2021122600100126,2021년 12월 26일 14시,일요일,부산광역시 동래구 온천동,경상사고,0,0,1,0,차대사람 - 횡단중,보행자보호의무위반,포장 - 건조,맑음,교차로 - 교차로횡단보도내,승용,남,56세,상해없음,보행자,여,48세,경상
2021122600100157,2021년 12월 26일 15시,일요일,부산광역시 동래구 온천동,경상사고,0,0,1,0,차대사람 - 차도통행중,안전운전불이행,포장 - 건조,맑음,단일로 - 기타,승용,여,37세,상해없음,보행자,여,9세,경상
2021122600100291,2021년 12월 26일 20시,일요일,부산광역시 수영구 광안동,경상사고,0,0,1,0,차대사람 - 길가장자리구역통행중,안전운전불이행,포장 - 건조,맑음,기타 - 기타,승용,남,59세,상해없음,보행자,남,61세,경상
2021122600100293,2021년 12월 26일 20시,일요일,부산광역시 사하구 장림동,경상사고,0,0,1,0,차대사람 - 기타,안전운전불이행,포장 - 건조,맑음,기타 - 기타,이륜,남,27세,상해없음,보행자,여,18세,경상
2021122600100316,2021년 12월 26일 21시,일요일,부산광역시 남구 대연동,중상사고,0,1,0,0,차대사람 - 길가장자리구역통행중,안전운전불이행,포장 - 건조,맑음,단일로 - 기타,승용,남,34세,상해없음,보행자,여,23세,중상
2021122600100342,2021년 12월 26일 22시,일요일,부산광역시 금정구 서동,경상사고,0,0,1,0,차대사람 - 길가장자리구역통행중,안전운전불이행,포장 - 건조,맑음,기타 - 기타,승용,남,39세,상해없음,보행자,남,51세,경상
2021122700100096,2021년 12월 27일 09시,월요일,부산광역시 중구 동광동3가,경상사고,0,0,1,0,차대사람 - 횡단중,보행자보호의무위반,포장 - 건조,맑음,교차로 - 교차로안,승용,여,46세,상해없음,보행자,여,28세,경상
2021122700100152,2021년 12월 27일 11시,월요일,부산광역시 부산진구 초읍동,경상사고,0,0,1,0,차대사람 - 기타,안전운전불이행,포장 - 건조,맑음,교차로 - 교차로안,승용,여,44세,상해없음,보행자,남,63세,경상
2021122700100212,2021년 12월 27일 13시,월요일,부산광역시 부산진구 부전동,중상사고,0,1,0,0,차대사람 - 기타,안전운전불이행,포장 - 건조,맑음,교차로 - 교차로안,이륜,남,39세,상해없음,보행자,여,80세,중상
2021122700100356,2021년 12월 27일 17시,월요일,부산광역시 사상구 엄궁동,경상사고,0,0,2,0,차대사람 - 횡단중,신호위반,포장 - 건조,맑음,단일로 - 기타,승용,여,46세,상해없음,보행자,여,63세,경상
2021122800100027,2021년 12월 28일 05시,화요일,부산광역시 사상구 엄궁동,경상사고,0,0,1,0,차대사람 - 기타,기타,포장 - 건조,맑음,단일로 - 기타,승용,남,69세,상해없음,보행자,여,68세,경상
2021122800100041,2021년 12월 28일 06시,화요일,부산광역시 수영구 광안동,경상사고,0,0,1,0,차대사람 - 횡단중,안전운전불이행,포장 - 건조,맑음,단일로 - 기타,승용,남,55세,상해없음,보행자,남,27세,경상
2021122800100092,2021년 12월 28일 08시,화요일,부산광역시 동래구 온천동,경상사고,0,0,1,0,차대사람 - 횡단중,보행자보호의무위반,포장 - 건조,맑음,교차로 - 교차로안,화물,남,55세,상해없음,보행자,남,80세,경상
2021122800100148,2021년 12월 28일 10시,화요일,부산광역시 해운대구 반여동,부상신고사고,0,0,0,1,차대사람 - 횡단중,안전운전불이행,포장 - 건조,맑음,교차로 - 교차로횡단보도내,기타불명,기타불명,미분류,기타불명,보행자,남,52세,부상신고
2021122800100176,2021년 12월 28일 11시,화요일,부산광역시 수영구 광안동,경상사고,0,0,1,0,차대사람 - 횡단중,보행자보호의무위반,포장 - 건조,맑음,기타 - 기타,승용,남,85세,상해없음,보행자,여,22세,경상
2021122800100200,2021년 12월 28일 12시,화요일,부산광역시 부산진구 부전동,경상사고,0,0,1,0,차대사람 - 기타,안전운전불이행,포장 - 건조,맑음,교차로 - 교차로부근,승용,여,62세,상해없음,보행자,남,41세,경상
2021122800100223,2021년 12월 28일 13시,화요일,부산광역시 수영구 광안동,중상사고,0,1,0,0,차대사람 - 기타,안전운전불이행,포장 - 건조,맑음,기타 - 기타,승합,남,59세,상해없음,보행자,남,72세,중상
2021122800100296,2021년 12월 28일 16시,화요일,부산광역시 동구 초량동,경상사고,0,0,1,0,차대사람 - 보도통행중,기타,포장 - 건조,맑음,기타 - 기타,승용,여,50세,상해없음,보행자,여,38세,경상
2021122800100324,2021년 12월 28일 17시,화요일,부산광역시 금정구 장전동,경상사고,0,0,1,0,차대사람 - 기타,안전운전불이행,포장 - 건조,맑음,단일로 - 기타,승용,남,60세,상해없음,보행자,남,18세,경상
2021122800100363,2021년 12월 28일 18시,화요일,부산광역시 해운대구 반여동,경상사고,0,0,1,0,차대사람 - 기타,안전운전불이행,포장 - 건조,맑음,교차로 - 교차로부근,승용,남,63세,상해없음,보행자,여,56세,경상
2021122800100365,2021년 12월 28일 18시,화요일,부산광역시 부산진구 부전동,경상사고,0,0,1,0,차대사람 - 기타,안전운전불이행,포장 - 건조,맑음,단일로 - 기타,승용,남,24세,상해없음,보행자,남,25세,경상
2021122800100366,2021년 12월 28일 18시,화요일,부산광역시 사상구 모라동,경상사고,0,0,1,0,차대사람 - 차도통행중,안전운전불이행,포장 - 건조,맑음,교차로 - 교차로안,승용,남,22세,상해없음,보행자,남,63세,경상
2021122900100041,2021년 12월 29일 07시,수요일,부산광역시 사상구 감전동,중상사고,0,1,0,0,차대사람 - 횡단중,보행자보호의무위반,포장 - 건조,맑음,교차로 - 교차로횡단보도내,승용,남,58세,상해없음,보행자,남,59세,중상
2021122900100300,2021년 12월 29일 16시,수요일,부산광역시 동래구 명장동,중상사고,0,1,0,0,차대사람 - 횡단중,안전운전불이행,포장 - 건조,맑음,교차로 - 교차로안,화물,남,37세,상해없음,보행자,여,60세,중상
2021122900100301,2021년 12월 29일 16시,수요일,부산광역시 연제구 연산동,경상사고,0,0,1,0,차대사람 - 기타,안전운전불이행,포장 - 건조,맑음,단일로 - 기타,승용,여,51세,상해없음,보행자,남,6세,경상
2021122900100340,2021년 12월 29일 17시,수요일,부산광역시 동구 범일동,중상사고,0,1,0,0,차대사람 - 횡단중,보행자보호의무위반,포장 - 건조,맑음,교차로 - 교차로횡단보도내,승용,여,50세,상해없음,보행자,여,72세,중상
2021122900100342,2021년 12월 29일 17시,수요일,부산광역시 사하구 다대동,경상사고,0,0,1,0,차대사람 - 길가장자리구역통행중,안전운전불이행,포장 - 건조,맑음,단일로 - 기타,승용,남,76세,상해없음,보행자,여,69세,경상
2021122900100343,2021년 12월 29일 17시,수요일,부산광역시 사상구 괘법동,경상사고,0,0,1,0,차대사람 - 기타,안전운전불이행,포장 - 건조,흐림,단일로 - 기타,승용,남,52세,기타불명,보행자,여,78세,경상
2021122900100380,2021년 12월 29일 18시,수요일,부산광역시 해운대구 반여동,경상사고,0,0,1,0,차대사람 - 횡단중,안전운전불이행,포장 - 건조,맑음,교차로 - 교차로안,승용,여,44세,상해없음,보행자,여,17세,경상
2021122900100382,2021년 12월 29일 18시,수요일,부산광역시 연제구 연산동,경상사고,0,0,1,0,차대사람 - 기타,보행자보호의무위반,포장 - 건조,맑음,단일로 - 기타,승용,남,64세,상해없음,보행자,여,28세,경상
2021123000100026,2021년 12월 30일 06시,목요일,부산광역시 연제구 거제동,경상사고,0,0,1,0,차대사람 - 기타,안전운전불이행,포장 - 건조,맑음,단일로 - 기타,승용,남,73세,상해없음,보행자,남,42세,경상
2021123000100212,2021년 12월 30일 13시,목요일,부산광역시 중구 남포동6가,중상사고,0,1,0,0,차대사람 - 횡단중,보행자보호의무위반,포장 - 건조,맑음,교차로 - 교차로안,화물,남,44세,상해없음,보행자,여,66세,중상
2021123000100213,2021년 12월 30일 13시,목요일,부산광역시 사하구 당리동,중상사고,0,1,0,0,차대사람 - 기타,안전운전불이행,포장 - 건조,맑음,단일로 - 기타,화물,남,49세,상해없음,보행자,여,66세,중상
2021123000100267,2021년 12월 30일 15시,목요일,부산광역시 동래구 사직동,부상신고사고,0,0,0,1,차대사람 - 횡단중,안전운전불이행,포장 - 건조,맑음,단일로 - 기타,화물,남,66세,상해없음,보행자,여,8세,부상신고
2021123000100268,2021년 12월 30일 15시,목요일,부산광역시 해운대구 반여동,경상사고,0,0,1,0,차대사람 - 횡단중,안전운전불이행,포장 - 건조,맑음,교차로 - 교차로안,승용,여,52세,상해없음,보행자,남,44세,경상
2021123000100269,2021년 12월 30일 15시,목요일,부산광역시 부산진구 부암동,경상사고,0,0,1,0,차대사람 - 기타,안전운전불이행,포장 - 건조,맑음,단일로 - 기타,승합,남,61세,상해없음,보행자,남,49세,경상
2021123100100021,2021년 12월 31일 05시,금요일,부산광역시 사하구 감천동,중상사고,0,1,0,0,차대사람 - 횡단중,신호위반,포장 - 건조,맑음,단일로 - 기타,특수,남,58세,상해없음,보행자,남,51세,중상
2021123100100038,2021년 12월 31일 07시,금요일,부산광역시 연제구 거제동,중상사고,0,1,0,0,차대사람 - 횡단중,안전운전불이행,포장 - 건조,맑음,단일로 - 기타,승용,남,69세,상해없음,보행자,남,82세,중상
2021123100100284,2021년 12월 31일 15시,금요일,부산광역시 부산진구 부암동,중상사고,0,1,0,0,차대사람 - 횡단중,보행자보호의무위반,포장 - 건조,맑음,단일로 - 기타,화물,남,39세,상해없음,보행자,남,9세,중상
2021123100100430,2021년 12월 31일 18시,금요일,부산광역시 금정구 부곡동,경상사고,0,0,1,0,차대사람 - 횡단중,보행자보호의무위반,포장 - 건조,맑음,교차로 - 교차로안,이륜,남,23세,상해없음,보행자,남,80세,경상
2021123100100431,2021년 12월 31일 18시,금요일,부산광역시 금정구 부곡동,경상사고,0,0,1,0,차대사람 - 기타,안전운전불이행,포장 - 건조,맑음,교차로 - 교차로안,기타불명,기타불명,미분류,기타불명,보행자,여,34세,경상
2021123100100494,2021년 12월 31일 19시,금요일,부산광역시 동래구 명륜동,경상사고,0,0,1,0,차대사람 - 기타,안전운전불이행,포장 - 건조,맑음,교차로 - 교차로부근,승용,남,51세,상해없음,보행자,여,28세,경상
2021123100100496,2021년 12월 31일 19시,금요일,부산광역시 금정구 장전동,부상신고사고,0,0,0,1,차대사람 - 기타,안전운전불이행,포장 - 건조,맑음,단일로 - 기타,개인형이동수단(PM),남,21세,상해없음,보행자,여,18세,부상신고
2021123100100566,2021년 12월 31일 21시,금요일,부산광역시 부산진구 개금동,부상신고사고,0,0,0,1,차대사람 - 기타,안전운전불이행,포장 - 건조,맑음,교차로 - 교차로횡단보도내,이륜,남,29세,부상신고,보행자,남,58세,상해없음